Date,Open,High,Low,Close
09/01/16,575.55,576.31,571.81,572.30
09/02/16,572.41,575.64,570.81,575.54
09/03/16,575.55,599.50,574.06,598.21
09/04/16,598.59,611.84,596.85,608.63
09/05/16,608.99,609.05,602.24,606.59
09/06/16,606.51,610.83,605.09,610.44
09/07/16,610.57,614.54,608.51,614.54
09/08/16,614.64,628.77,613.84,626.32
09/09/16,626.35,626.83,620.26,622.86
09/10/16,622.93,625.09,622.40,623.51
09/11/16,623.42,628.82,600.51,606.72
09/12/16,607.01,608.46,605.41,608.24
09/13/16,608.03,611.19,606.92,609.24
09/14/16,608.84,611.95,608.41,610.68
09/15/16,610.59,611.09,607.16,607.16
09/16/16,607.25,609.26,606.73,606.97
09/17/16,607.22,607.86,605.19,605.98
09/18/16,606.28,610.16,605.86,609.87
09/19/16,609.87,610.93,608.27,609.23
09/20/16,609.25,609.53,607.94,608.31
09/21/16,603.59,603.59,595.88,597.15
09/22/16,597.28,598.49,596.21,596.30
09/23/16,596.20,603.21,595.79,602.84
09/24/16,602.96,604.58,602.04,602.63
09/25/16,602.75,603.38,599.71,600.83
09/26/16,600.81,608.14,600.35,608.04
09/27/16,608.02,608.25,604.11,606.17
09/28/16,606.24,606.59,604.61,604.73
09/29/16,605.02,606.82,604.85,605.69
09/30/16,605.72,609.73,604.14,609.73
10/01/16,609.93,615.24,609.93,613.98
10/02/16,613.95,614.01,609.68,610.89
10/03/16,610.97,612.57,610.46,612.13
10/04/16,612.05,612.05,609.48,610.20
10/05/16,610.22,613.81,609.62,612.51
10/06/16,612.47,613.82,611.47,613.02
10/07/16,612.61,617.91,611.82,617.12
10/08/16,617.34,619.85,617.34,619.11
10/09/16,619.17,619.20,616.61,616.75
10/10/16,616.82,621.32,616.20,618.99
10/11/16,619.24,642.08,618.50,641.07
10/12/16,640.87,641.34,635.97,636.19
10/13/16,636.03,638.83,635.03,636.79
10/14/16,637.01,641.28,637.01,640.38
10/15/16,640.31,642.10,637.39,638.65
10/16/16,639.08,642.90,638.90,641.63
10/17/16,641.82,642.33,638.66,639.19
10/18/16,639.41,640.74,636.00,637.96
10/19/16,638.13,638.87,628.01,630.52
10/20/16,630.66,631.92,628.26,630.86
10/21/16,630.83,634.09,630.69,632.83
10/22/16,633.14,658.20,632.85,657.29
10/23/16,657.62,661.13,653.89,657.07
10/24/16,657.16,657.25,652.59,653.76
10/25/16,654.00,664.42,653.70,657.59
10/26/16,657.68,679.73,657.68,678.30
10/27/16,678.21,688.59,678.04,688.31
10/28/16,688.00,690.44,684.16,689.65
10/29/16,690.29,720.40,690.05,714.48
10/30/16,714.12,714.12,696.47,701.86
10/31/16,702.64,709.29,691.68,700.97
11/01/16,701.34,736.45,701.34,729.79
11/02/16,730.07,740.83,722.35,740.83
11/03/16,742.35,745.77,678.16,688.70
11/04/16,689.12,706.93,685.56,703.23
11/05/16,703.53,707.51,697.74,703.42
11/06/16,703.81,714.26,699.56,711.52
11/07/16,710.74,710.74,699.90,703.13
11/08/16,703.09,712.99,702.39,709.85
11/09/16,709.83,740.05,708.61,723.27
11/10/16,722.84,723.02,711.21,715.53
11/11/16,715.55,718.32,714.41,716.41
11/12/16,716.75,717.15,704.03,705.05
11/13/16,705.20,705.26,687.32,702.03
11/14/16,702.00,706.28,699.81,705.02
11/15/16,705.79,715.72,705.26,711.62
11/16/16,711.17,747.61,709.04,744.20
11/17/16,744.88,755.65,739.51,740.98
11/18/16,740.71,752.88,736.89,751.59
11/19/16,751.83,756.24,744.47,751.62
11/20/16,751.88,755.48,717.94,731.03
11/21/16,731.27,741.72,730.51,739.25
11/22/16,739.64,753.87,736.53,751.35
11/23/16,751.74,752.25,738.92,744.59
11/24/16,744.62,746.83,733.49,740.29
11/25/16,740.44,741.65,734.59,741.65
11/26/16,741.51,742.21,729.63,735.38
11/27/16,735.44,739.02,731.09,732.03
11/28/16,732.48,738.01,732.48,735.81
11/29/16,736.33,737.47,734.56,735.60
11/30/16,736.28,747.93,736.27,745.69
12/01/16,746.05,758.28,746.05,756.77
12/02/16,757.54,781.30,757.54,777.94
12/03/16,778.25,778.25,764.86,771.16
12/04/16,771.64,773.87,768.16,773.87
12/05/16,773.39,773.47,751.71,758.70
12/06/16,758.72,765.62,758.72,764.22
12/07/16,764.21,771.54,759.75,768.13
12/08/16,768.08,774.70,765.95,770.81
12/09/16,769.94,774.53,769.65,772.79
12/10/16,773.02,777.09,772.91,774.65
12/11/16,774.75,774.80,765.41,769.73
12/12/16,770.04,781.92,770.04,780.09
12/13/16,780.65,788.46,777.96,780.56
12/14/16,780.01,782.03,776.84,781.48
12/15/16,780.07,781.43,777.80,778.09
12/16/16,778.96,785.03,778.96,784.91
12/17/16,785.17,792.51,784.86,790.83
12/18/16,791.01,794.74,788.03,790.53
12/19/16,790.69,793.61,790.32,792.71
12/20/16,792.25,801.34,791.50,800.88
12/21/16,800.64,834.28,799.41,834.28
12/22/16,834.18,875.78,834.15,864.54
12/23/16,864.89,925.12,864.68,921.98
12/24/16,922.18,923.48,886.34,898.82
12/25/16,899.65,899.65,862.42,896.18
12/26/16,896.91,913.18,896.90,907.61
12/27/16,908.35,940.05,904.26,933.20
12/28/16,934.83,975.92,934.83,975.92
12/29/16,975.13,979.40,954.50,973.50
12/30/16,972.53,972.53,934.83,961.24
12/31/16,960.63,963.74,947.24,963.74
01/01/17,963.66,1003.08,958.70,998.33
01/02/17,998.62,1031.39,996.70,1021.75
01/03/17,1021.60,1044.08,1021.60,1043.84
01/04/17,1044.40,1159.42,1044.40,1154.73
01/05/17,1156.73,1191.10,910.42,1013.38
01/06/17,1014.24,1046.81,883.94,902.20
01/07/17,903.49,908.59,823.56,908.59
01/08/17,908.17,942.72,887.25,911.20
01/09/17,913.24,913.69,879.81,902.83
01/10/17,902.44,914.87,901.06,907.68
01/11/17,908.11,919.45,762.77,777.76
01/12/17,775.18,826.25,755.76,804.83
01/13/17,803.74,829.00,780.00,823.98
01/14/17,825.14,835.09,812.46,818.41
01/15/17,818.14,823.31,812.87,821.80
01/16/17,821.78,834.53,820.27,831.53
01/17/17,830.95,910.56,830.80,907.94
01/18/17,909.37,917.50,858.30,886.62
01/19/17,888.34,904.61,884.34,899.07
01/20/17,898.17,899.40,887.01,895.03
01/21/17,895.55,927.37,895.53,921.79
01/22/17,922.21,937.53,897.56,924.67
01/23/17,925.50,928.27,916.74,921.01
01/24/17,910.68,924.15,892.29,892.69
01/25/17,891.92,903.25,891.69,901.54
01/26/17,902.40,919.33,902.22,917.59
01/27/17,918.36,923.22,915.85,919.75
01/28/17,919.81,923.91,919.81,921.59
01/29/17,922.07,923.42,919.15,919.50
01/30/17,920.15,923.05,919.47,920.38
01/31/17,920.96,972.02,920.96,970.40
02/01/17,970.94,989.11,970.74,989.02
02/02/17,990.00,1013.52,983.22,1011.80
02/03/17,1011.46,1033.87,1008.79,1029.91
02/04/17,1031.33,1045.90,1015.16,1042.90
02/05/17,1043.52,1043.63,1022.37,1027.34
02/06/17,1028.40,1044.64,1028.16,1038.15
02/07/17,1040.14,1061.93,1040.14,1061.35
02/08/17,1062.32,1078.97,1037.49,1063.07
02/09/17,1064.70,1088.99,953.34,994.38
02/10/17,995.63,998.91,946.69,988.67
02/11/17,988.90,1009.29,982.83,1004.45
02/12/17,1003.52,1004.76,996.92,999.18
02/13/17,998.89,1002.10,976.00,990.64
02/14/17,991.73,1011.51,986.47,1004.55
02/15/17,1006.21,1008.84,1001.58,1007.48
02/16/17,1007.65,1033.37,1007.65,1027.44
02/17/17,1026.12,1053.17,1025.64,1046.21
02/18/17,1049.21,1061.10,1046.96,1054.42
02/19/17,1054.76,1056.81,1043.46,1047.87
02/20/17,1048.69,1080.49,1041.69,1079.98
02/21/17,1079.28,1117.25,1076.93,1115.30
02/22/17,1114.80,1125.39,1100.55,1117.44
02/23/17,1117.27,1176.62,1116.96,1166.72
02/24/17,1172.71,1200.39,1131.96,1173.68
02/25/17,1170.41,1174.85,1124.59,1143.84
02/26/17,1144.27,1167.47,1130.20,1165.20
02/27/17,1163.78,1181.98,1163.38,1179.97
02/28/17,1180.72,1193.25,1171.82,1179.97
03/01/17,1180.04,1222.50,1179.69,1222.50
03/02/17,1224.68,1262.13,1215.62,1251.01
03/03/17,1250.71,1280.31,1250.71,1274.99
03/04/17,1277.43,1279.40,1230.51,1255.15
03/05/17,1254.29,1267.29,1238.06,1267.12
03/06/17,1267.47,1276.00,1264.60,1272.83
03/07/17,1273.21,1275.55,1204.80,1223.54
03/08/17,1223.23,1232.16,1148.08,1150.00
03/09/17,1150.35,1197.46,1141.23,1188.49
03/10/17,1189.36,1270.47,1077.25,1116.72
03/11/17,1116.32,1193.83,1116.32,1175.83
03/12/17,1176.62,1226.98,1175.36,1221.38
03/13/17,1221.78,1237.37,1217.03,1231.92
03/14/17,1232.16,1244.81,1220.72,1240.00
03/15/17,1240.16,1251.61,1239.75,1249.61
03/16/17,1251.33,1257.98,1152.44,1187.81
03/17/17,1180.16,1180.16,1099.57,1100.23
03/18/17,1099.69,1114.07,957.66,973.82
03/19/17,976.73,1069.91,976.73,1036.74
03/20/17,1037.24,1063.03,1036.68,1054.23
03/21/17,1055.36,1122.43,1055.36,1120.54
03/22/17,1120.65,1120.65,1014.21,1049.14
03/23/17,1050.05,1058.01,1028.93,1038.59
03/24/17,1038.45,1040.47,934.36,937.52
03/25/17,936.54,975.76,903.71,972.78
03/26/17,974.02,1007.96,954.19,966.72
03/27/17,972.05,1046.40,971.98,1045.77
03/28/17,1044.58,1064.65,1027.73,1047.15
03/29/17,1046.08,1055.13,1015.88,1039.97
03/30/17,1042.21,1049.29,1020.04,1026.43
03/31/17,1026.64,1074.92,1026.64,1071.79
04/01/17,1071.71,1091.72,1061.09,1080.50
04/02/17,1080.61,1107.59,1075.45,1102.17
04/03/17,1102.95,1151.74,1102.95,1143.81
04/04/17,1145.52,1156.44,1120.52,1133.25
04/05/17,1134.14,1135.09,1113.63,1124.78
04/06/17,1125.81,1188.37,1125.81,1182.68
04/07/17,1178.94,1186.58,1163.39,1176.90
04/08/17,1172.65,1184.98,1162.58,1175.95
04/09/17,1176.57,1197.21,1171.86,1187.87
04/10/17,1187.30,1190.34,1179.04,1187.13
04/11/17,1187.46,1208.07,1187.46,1205.01
04/12/17,1204.81,1207.14,1196.76,1200.37
04/13/17,1201.02,1205.89,1156.44,1169.28
04/14/17,1170.33,1190.80,1159.79,1167.54
04/15/17,1167.30,1188.00,1164.96,1172.52
04/16/17,1172.61,1187.22,1172.61,1182.94
04/17/17,1183.25,1194.90,1172.65,1193.91
04/18/17,1193.77,1217.57,1193.77,1211.67
04/19/17,1212.13,1215.51,1205.08,1210.29
04/20/17,1211.08,1240.79,1208.41,1229.08
04/21/17,1229.42,1235.94,1215.56,1222.05
04/22/17,1222.71,1235.56,1208.47,1231.71
04/23/17,1231.92,1232.20,1203.94,1207.21
04/24/17,1209.63,1250.94,1209.63,1250.15
04/25/17,1250.45,1267.58,1249.97,1265.49
04/26/17,1265.99,1294.83,1265.93,1281.08
04/27/17,1281.88,1319.70,1281.30,1317.73
04/28/17,1317.74,1331.28,1292.37,1316.48
04/29/17,1317.84,1327.20,1315.21,1321.79
04/30/17,1321.87,1347.91,1314.92,1347.89
05/01/17,1348.30,1434.32,1348.30,1421.60
05/02/17,1421.03,1473.90,1415.69,1452.82
05/03/17,1453.78,1492.77,1447.49,1490.09
05/04/17,1490.72,1608.91,1490.72,1537.67
05/05/17,1540.87,1618.03,1530.31,1555.45
05/06/17,1556.81,1578.80,1542.50,1578.80
05/07/17,1579.47,1596.72,1559.76,1596.71
05/08/17,1596.92,1723.35,1596.92,1723.35
05/09/17,1723.89,1833.49,1716.30,1755.36
05/10/17,1756.52,1788.44,1719.10,1787.13
05/11/17,1780.37,1873.93,1755.35,1848.57
05/12/17,1845.76,1856.15,1694.01,1724.24
05/13/17,1723.12,1812.99,1651.08,1804.91
05/14/17,1800.86,1831.42,1776.62,1808.91
05/15/17,1808.44,1812.80,1708.54,1738.43
05/16/17,1741.70,1785.94,1686.54,1734.45
05/17/17,1726.73,1864.05,1661.91,1839.09
05/18/17,1818.70,1904.48,1807.12,1888.65
05/19/17,1897.37,2004.52,1890.25,1987.71
05/20/17,1984.24,2084.73,1974.92,2084.73
05/21/17,2067.03,2119.08,2037.50,2041.20
05/22/17,2043.19,2303.90,2017.87,2173.40
05/23/17,2191.56,2320.82,2178.50,2320.42
05/24/17,2321.37,2523.72,2321.37,2443.64
05/25/17,2446.24,2763.71,2285.30,2304.98
05/26/17,2320.89,2573.79,2071.99,2202.42
05/27/17,2196.27,2260.20,1855.83,2038.87
05/28/17,2054.08,2267.34,2054.08,2155.80
05/29/17,2159.43,2307.05,2107.17,2255.61
05/30/17,2255.36,2301.96,2124.57,2175.47
05/31/17,2187.19,2311.08,2145.57,2286.41
06/01/17,2288.33,2448.39,2288.33,2407.88
06/02/17,2404.03,2488.55,2373.32,2488.55
06/03/17,2493.72,2581.91,2423.57,2515.35
06/04/17,2547.79,2585.89,2452.54,2511.81
06/05/17,2512.40,2686.81,2510.22,2686.81
06/06/17,2690.84,2999.91,2690.84,2863.20
06/07/17,2869.38,2869.38,2700.56,2732.16
06/08/17,2720.49,2815.30,2670.95,2805.62
06/09/17,2807.44,2901.71,2795.62,2823.81
06/10/17,2828.14,2950.99,2746.55,2947.71
06/11/17,2942.41,2996.60,2840.53,2958.11
06/12/17,2953.22,2997.26,2518.56,2659.63
06/13/17,2680.91,2789.04,2650.38,2717.02
06/14/17,2716.88,2786.83,2412.94,2506.37
06/15/17,2499.58,2534.71,2212.96,2464.58
06/16/17,2469.57,2539.92,2385.15,2518.56
06/17/17,2514.01,2685.19,2484.96,2655.88
06/18/17,2655.35,2662.10,2516.33,2548.29
06/19/17,2549.03,2662.85,2549.03,2589.60
06/20/17,2591.26,2763.45,2589.82,2721.79
06/21/17,2709.43,2772.01,2660.40,2689.10
06/22/17,2691.03,2723.74,2642.36,2705.41
06/23/17,2707.34,2765.17,2706.37,2744.91
06/24/17,2738.52,2757.94,2583.19,2608.72
06/25/17,2607.25,2682.26,2552.12,2589.41
06/26/17,2590.57,2615.25,2376.29,2478.45
06/27/17,2478.45,2552.45,2332.99,2552.45
06/28/17,2553.03,2603.98,2484.42,2574.79
06/29/17,2567.56,2588.83,2510.48,2539.32
06/30/17,2539.24,2559.25,2478.43,2480.84
07/01/17,2492.60,2515.27,2419.23,2434.55
07/02/17,2436.40,2514.28,2394.84,2506.47
07/03/17,2498.56,2595.00,2480.47,2564.06
07/04/17,2561.00,2631.59,2559.35,2601.64
07/05/17,2602.87,2622.65,2538.55,2601.99
07/06/17,2608.10,2616.72,2581.69,2608.56
07/07/17,2608.59,2916.14,2498.87,2518.66
07/08/17,2520.27,2571.34,2492.31,2571.34
07/09/17,2572.61,2635.49,2517.59,2518.44
07/10/17,2525.25,2537.16,2321.13,2372.56
07/11/17,2385.89,2413.47,2296.81,2337.79
07/12/17,2332.77,2423.71,2275.14,2398.84
07/13/17,2402.70,2425.22,2340.83,2357.90
07/14/17,2360.59,2363.25,2183.22,2233.34
07/15/17,2230.12,2231.14,1990.41,1998.86
07/16/17,1991.98,2058.77,1843.03,1929.82
07/17/17,1932.62,2230.49,1932.62,2228.41
07/18/17,2233.52,2387.61,2164.77,2318.88
07/19/17,2323.08,2397.17,2260.23,2273.43
07/20/17,2269.89,2900.70,2269.89,2817.60
07/21/17,2838.41,2838.41,2621.85,2667.76
07/22/17,2668.63,2862.42,2657.71,2810.12
07/23/17,2808.10,2832.18,2653.94,2730.40
07/24/17,2732.70,2777.26,2699.19,2754.86
07/25/17,2757.50,2768.08,2480.96,2576.48
07/26/17,2577.77,2610.76,2450.80,2529.45
07/27/17,2538.71,2693.32,2529.34,2671.78
07/28/17,2679.73,2897.45,2679.73,2809.01
07/29/17,2807.02,2808.76,2692.80,2726.45
07/30/17,2724.39,2758.53,2644.85,2757.18
07/31/17,2763.24,2889.62,2720.61,2875.34
08/01/17,2871.30,2921.35,2685.61,2718.26
08/02/17,2727.13,2762.53,2668.59,2710.67
08/03/17,2709.56,2813.31,2685.14,2804.73
08/04/17,2806.93,2899.33,2743.72,2895.89
08/05/17,2897.63,3290.01,2874.83,3252.91
08/06/17,3257.61,3293.29,3155.60,3213.94
08/07/17,3212.78,3397.68,3180.89,3378.94
08/08/17,3370.22,3484.85,3345.83,3419.94
08/09/17,3420.40,3422.76,3247.67,3342.47
08/10/17,3341.84,3453.45,3319.47,3381.28
08/11/17,3373.82,3679.72,3372.12,3650.62
08/12/17,3650.63,3949.92,3613.70,3884.71
08/13/17,3880.04,4208.39,3857.80,4073.26
08/14/17,4066.10,4325.13,3989.16,4325.13
08/15/17,4326.99,4455.97,3906.18,4181.93
08/16/17,4200.34,4381.23,3994.42,4376.63
08/17/17,4384.44,4484.70,4243.71,4331.69
08/18/17,4324.34,4370.13,4015.40,4160.62
08/19/17,4137.75,4243.26,3970.55,4193.70
08/20/17,4189.31,4196.29,4069.88,4087.66
08/21/17,4090.48,4109.14,3988.60,4001.74
08/22/17,3998.35,4128.76,3674.58,4100.52
08/23/17,4089.01,4255.78,4078.41,4151.52
08/24/17,4137.60,4376.39,4130.26,4334.68
08/25/17,4332.82,4455.70,4307.35,4371.60
08/26/17,4372.06,4379.28,4269.52,4352.40
08/27/17,4345.10,4416.59,4317.29,4382.88
08/28/17,4384.45,4403.93,4224.64,4382.66
08/29/17,4389.21,4625.68,4352.13,4579.02
08/30/17,4570.36,4626.52,4471.41,4565.30
08/31/17,4555.59,4736.05,4549.40,4703.39
09/01/17,4701.76,4892.01,4678.53,4892.01
09/02/17,4901.42,4975.04,4469.24,4578.77
09/03/17,4585.27,4714.08,4417.59,4582.96
09/04/17,4591.63,4591.63,4108.40,4236.31
09/05/17,4228.29,4427.84,3998.11,4376.53
09/06/17,4376.59,4617.25,4376.59,4597.12
09/07/17,4589.14,4655.04,4491.33,4599.88
09/08/17,4605.16,4661.00,4075.18,4228.75
09/09/17,4229.81,4308.82,4114.11,4226.06
09/10/17,4229.34,4245.44,3951.04,4122.94
09/11/17,4122.47,4261.67,4099.40,4161.27
09/12/17,4168.88,4344.65,4085.22,4130.81
09/13/17,4131.98,4131.98,3789.92,3882.59
09/14/17,3875.37,3920.60,3153.86,3154.95
09/15/17,3166.30,3733.45,2946.62,3637.52
09/16/17,3637.75,3808.84,3487.79,3625.04
09/17/17,3606.28,3664.81,3445.64,3582.88
09/18/17,3591.09,4079.23,3591.09,4065.20
09/19/17,4073.79,4094.07,3868.87,3924.97
09/20/17,3916.36,4031.39,3857.73,3905.95
09/21/17,3901.47,3916.42,3613.63,3631.04
09/22/17,3628.02,3758.27,3553.53,3630.70
09/23/17,3629.92,3819.21,3594.58,3792.40
09/24/17,3796.15,3796.15,3666.90,3682.84
09/25/17,3681.58,3950.25,3681.58,3926.07
09/26/17,3928.41,3969.89,3869.90,3892.35
09/27/17,3892.94,4210.05,3884.82,4200.67
09/28/17,4197.13,4279.31,4109.70,4174.73
09/29/17,4171.62,4214.63,4039.29,4163.07
09/30/17,4166.11,4358.43,4160.86,4338.71
10/01/17,4341.05,4403.74,4269.81,4403.74
10/02/17,4395.81,4470.23,4377.46,4409.32
10/03/17,4408.46,4432.47,4258.89,4317.48
10/04/17,4319.37,4352.31,4210.42,4229.36
10/05/17,4229.88,4362.64,4164.05,4328.41
10/06/17,4324.46,4413.27,4320.53,4370.81
10/07/17,4369.35,4443.88,4321.05,4426.89
10/08/17,4429.67,4624.14,4405.64,4610.48
10/09/17,4614.52,4878.71,4564.25,4772.02
10/10/17,4776.21,4922.17,4765.10,4781.99
10/11/17,4789.25,4873.73,4751.63,4826.48
10/12/17,4829.58,5446.91,4822.00,5446.91
10/13/17,5464.16,5840.30,5436.85,5647.21
10/14/17,5643.53,5837.70,5591.64,5831.79
10/15/17,5835.96,5852.48,5478.61,5678.19
10/16/17,5687.57,5776.23,5544.21,5725.59
10/17/17,5741.58,5800.35,5472.72,5605.51
10/18/17,5603.82,5603.82,5151.44,5590.69
10/19/17,5583.74,5744.35,5531.06,5708.52
10/20/17,5708.11,6060.11,5627.23,6011.45
10/21/17,5996.79,6194.88,5965.07,6031.60
10/22/17,6036.66,6076.26,5792.34,6008.42
10/23/17,6006.00,6075.59,5732.47,5930.32
10/24/17,5935.52,5935.52,5504.18,5526.64
10/25/17,5524.60,5754.33,5397.88,5750.80
10/26/17,5747.95,5976.80,5721.22,5904.83
10/27/17,5899.74,5988.39,5728.82,5780.90
10/28/17,5787.82,5876.72,5689.19,5753.09
10/29/17,5754.44,6255.71,5724.58,6153.85
10/30/17,6114.85,6214.99,6040.85,6130.53
10/31/17,6132.02,6470.43,6103.33,6468.40
11/01/17,6440.97,6767.31,6377.88,6767.31
11/02/17,6777.77,7367.33,6758.72,7078.50
11/03/17,7087.53,7461.29,7002.94,7207.76
11/04/17,7164.48,7492.86,7031.28,7379.95
11/05/17,7404.52,7617.48,7333.19,7407.41
11/06/17,7403.22,7445.77,7007.31,7022.76
11/07/17,7023.10,7253.32,7023.10,7144.38
11/08/17,7141.38,7776.42,7114.02,7459.69
11/09/17,7446.83,7446.83,7101.52,7143.58
11/10/17,7173.73,7312.00,6436.87,6618.14
11/11/17,6618.61,6873.15,6204.22,6357.60
11/12/17,6295.45,6625.05,5519.01,5950.07
11/13/17,5938.25,6811.19,5844.29,6559.49
11/14/17,6561.48,6764.98,6461.75,6635.75
11/15/17,6634.76,7342.25,6634.76,7315.54
11/16/17,7323.24,7967.38,7176.58,7871.69
11/17/17,7853.57,8004.59,7561.09,7708.99
11/18/17,7697.21,7884.99,7463.44,7790.15
11/19/17,7766.03,8101.91,7694.10,8036.49
11/20/17,8039.07,8336.86,7949.36,8200.64
11/21/17,8205.74,8348.66,7762.71,8071.26
11/22/17,8077.95,8302.26,8075.47,8253.55
11/23/17,8232.38,8267.40,8038.77,8038.77
11/24/17,8074.02,8374.16,7940.93,8253.69
11/25/17,8241.71,8790.92,8191.15,8790.92
11/26/17,8789.04,9522.93,8775.59,9330.55
11/27/17,9352.72,9818.35,9352.72,9818.35
11/28/17,9823.43,10125.70,9736.30,10058.80
11/29/17,10077.40,11517.40,9601.03,9888.61
11/30/17,9906.79,10801.00,9202.05,10233.60
12/01/17,10198.60,11046.70,9694.65,10975.60
12/02/17,10978.30,11320.20,10905.10,11074.60
12/03/17,11082.70,11858.70,10862.00,11323.20
12/04/17,11315.40,11657.20,11081.80,11657.20
12/05/17,11685.70,12032.00,11604.60,11916.70
12/06/17,11923.40,14369.10,11923.40,14291.50
12/07/17,14266.10,17899.70,14057.30,17899.70
12/08/17,17802.90,18353.40,14336.90,16569.40
12/09/17,16523.30,16783.00,13674.90,15178.20
12/10/17,15168.40,15850.60,13226.60,15455.40
12/11/17,15427.40,17513.90,15404.80,16936.80
12/12/17,16919.80,17781.80,16571.60,17415.40
12/13/17,17500.00,17653.10,16039.70,16408.20
12/14/17,16384.60,17085.80,16185.90,16564.00
12/15/17,16601.30,18154.10,16601.30,17706.90
12/16/17,17760.30,19716.70,17515.30,19497.40
12/17/17,19475.80,20089.00,18974.10,19140.80
12/18/17,19106.40,19371.00,18355.90,19114.20
12/19/17,19118.30,19177.80,17275.40,17776.70
12/20/17,17760.30,17934.70,16077.70,16624.60
12/21/17,16642.40,17567.70,15342.70,15802.90
12/22/17,15898.00,15943.40,11833.00,13831.80
12/23/17,13948.70,15603.20,13828.80,14699.20
12/24/17,14608.20,14626.00,12747.70,13925.80
12/25/17,13995.90,14593.00,13448.90,14026.60
12/26/17,14036.60,16461.20,14028.90,16099.80
12/27/17,16163.50,16930.90,15114.30,15838.50
12/28/17,15864.10,15888.40,13937.30,14606.50
12/29/17,14695.80,15279.00,14307.00,14656.20
12/30/17,14681.90,14681.90,12350.10,12952.20
12/31/17,12897.70,14377.40,12755.60,14156.40
01/01/18,14112.20,14112.20,13154.70,13657.20
01/02/18,13625.00,15444.60,13163.60,14982.10
01/03/18,14978.20,15572.80,14844.50,15201.00
01/04/18,15270.70,15739.70,14522.20,15599.20
01/05/18,15477.20,17705.20,15202.80,17429.50
01/06/18,17462.10,17712.40,16764.60,17527.00
01/07/18,17527.30,17579.60,16087.70,16477.60
01/08/18,16476.20,16537.90,14208.20,15170.10
01/09/18,15123.70,15497.50,14424.00,14595.40
01/10/18,14588.50,14973.30,13691.20,14973.30
01/11/18,14968.20,15018.80,13105.90,13405.80
01/12/18,13453.90,14229.90,13158.10,13980.60
01/13/18,13952.40,14659.50,13952.40,14360.20
01/14/18,14370.80,14511.80,13268.00,13772.00
01/15/18,13767.30,14445.50,13641.70,13819.80
01/16/18,13836.10,13843.10,10194.90,11490.50
01/17/18,11431.10,11678.00,9402.29,11188.60
01/18/18,11198.80,12107.30,10942.50,11474.90
01/19/18,11429.80,11992.80,11172.10,11607.40
01/20/18,11656.20,13103.00,11656.20,12899.20
01/21/18,12889.20,12895.90,11288.20,11600.10
01/22/18,11633.10,11966.40,10240.20,10931.40
01/23/18,10944.50,11377.60,10129.70,10868.40
01/24/18,10903.40,11501.40,10639.80,11359.40
01/25/18,11421.70,11785.70,11057.40,11259.40
01/26/18,11256.00,11656.70,10470.30,11171.40
01/27/18,11174.90,11614.90,10989.20,11440.70
01/28/18,11475.30,12040.30,11475.30,11786.30
01/29/18,11755.50,11875.60,11179.20,11296.40
01/30/18,11306.80,11307.20,10036.20,10106.30
01/31/18,10108.20,10381.60,9777.42,10221.10
02/01/18,10237.30,10288.80,8812.28,9170.54
02/02/18,9142.28,9142.28,7796.49,8830.75
02/03/18,8852.12,9430.75,8251.63,9174.91
02/04/18,9175.70,9334.87,8031.22,8277.01
02/05/18,8270.54,8364.84,6756.68,6955.27
02/06/18,7051.75,7850.70,6048.26,7754.00
02/07/18,7755.49,8509.11,7236.79,7621.30
02/08/18,7637.86,8558.77,7637.86,8265.59
02/09/18,8271.84,8736.98,7884.71,8736.98
02/10/18,8720.08,9122.55,8295.47,8621.90
02/11/18,8616.13,8616.13,7931.10,8129.97
02/12/18,8141.43,8985.92,8141.43,8926.57
02/13/18,8926.72,8958.47,8455.41,8598.31
02/14/18,8599.92,9518.54,8599.92,9494.63
02/15/18,9488.32,10234.80,9395.58,10166.40
02/16/18,10135.70,10324.10,9824.82,10233.90
02/17/18,10207.50,11139.50,10149.40,11112.70
02/18/18,11123.40,11349.80,10326.00,10551.80
02/19/18,10552.60,11273.80,10513.20,11225.30
02/20/18,11231.80,11958.50,11231.80,11403.70
02/21/18,11372.20,11418.50,10479.10,10690.40
02/22/18,10660.40,11039.10,9939.09,10005.00
02/23/18,9937.07,10487.30,9734.56,10301.10
02/24/18,10287.70,10597.20,9546.97,9813.07
02/25/18,9796.42,9923.22,9407.06,9664.73
02/26/18,9669.43,10475.00,9501.73,10366.70
02/27/18,10393.90,10878.50,10246.10,10725.60
02/28/18,10687.20,11089.80,10393.10,10397.90
03/01/18,10385.00,11052.30,10352.70,10951.00
03/02/18,10977.40,11189.00,10850.10,11086.40
03/03/18,11101.90,11528.20,11002.40,11489.70
03/04/18,11497.40,11512.60,11136.10,11512.60
03/05/18,11532.40,11704.10,11443.90,11573.30
03/06/18,11500.10,11500.10,10694.30,10779.90
03/07/18,10803.90,10929.50,9692.12,9965.57
03/08/18,9951.44,10147.40,9335.87,9395.01
03/09/18,9414.69,9466.35,8513.03,9337.55
03/10/18,9350.59,9531.32,8828.47,8866.00
03/11/18,8852.78,9711.89,8607.12,9578.63
03/12/18,9602.93,9937.50,8956.43,9205.12
03/13/18,9173.04,9470.38,8958.19,9194.85
03/14/18,9214.65,9355.85,8068.59,8269.81
03/15/18,8290.76,8428.35,7783.05,8300.86
03/16/18,8322.91,8585.15,8005.31,8338.35
03/17/18,8321.91,8346.53,7812.82,7916.88
03/18/18,7890.52,8245.51,7397.99,8223.68
03/19/18,8344.12,8675.87,8182.40,8630.65
03/20/18,8619.67,9051.02,8389.89,8913.47
03/21/18,8937.48,9177.37,8846.33,8929.28
03/22/18,8939.44,9100.71,8564.90,8728.47
03/23/18,8736.25,8879.62,8360.62,8879.62
03/24/18,8901.95,8996.18,8665.70,8668.12
03/25/18,8612.81,8682.01,8449.10,8495.78
03/26/18,8498.47,8530.08,7921.43,8209.40
03/27/18,8200.00,8232.78,7797.28,7833.04
03/28/18,7836.83,8122.89,7809.17,7954.48
03/29/18,7979.07,7994.33,7081.38,7165.70
03/30/18,7171.45,7276.66,6683.93,6890.52
03/31/18,6892.48,7207.85,6863.52,6973.53
04/01/18,7003.06,7060.95,6526.87,6844.23
04/02/18,6844.86,7135.47,6816.58,7083.80
04/03/18,7102.26,7530.94,7072.49,7456.11
04/04/18,7456.41,7469.88,6803.88,6853.84
04/05/18,6848.65,6933.82,6644.80,6811.47
04/06/18,6815.96,6857.49,6575.00,6636.32
04/07/18,6630.51,7050.54,6630.51,6911.09
04/08/18,6919.98,7111.56,6919.98,7023.52
04/09/18,7044.32,7178.11,6661.99,6770.73
04/10/18,6795.44,6872.41,6704.15,6834.76
04/11/18,6843.47,6968.32,6817.59,6968.32
04/12/18,6955.38,7899.23,6806.51,7889.25
04/13/18,7901.09,8183.96,7758.93,7895.96
04/14/18,7874.67,8140.71,7846.00,7986.24
04/15/18,7999.33,8338.42,7999.33,8329.11
04/16/18,8337.57,8371.15,7925.73,8058.67
04/17/18,8071.66,8285.96,7881.72,7902.09
04/18/18,7944.43,8197.80,7886.01,8163.42
04/19/18,8159.27,8298.69,8138.78,8294.31
04/20/18,8286.88,8880.23,8244.54,8845.83
04/21/18,8848.79,8997.57,8652.15,8895.58
04/22/18,8925.06,9001.64,8779.61,8802.46
04/23/18,8794.39,8958.55,8788.81,8930.88
04/24/18,8934.34,9732.61,8927.83,9697.50
04/25/18,9701.03,9745.32,8799.84,8845.74
04/26/18,8867.32,9281.51,8727.09,9281.51
04/27/18,9290.63,9375.47,8987.05,8987.05
04/28/18,8939.27,9412.09,8931.99,9348.48
04/29/18,9346.41,9531.49,9193.71,9419.08
04/30/18,9426.11,9477.14,9166.81,9240.55
05/01/18,9251.47,9255.88,8891.05,9119.01
05/02/18,9104.60,9256.52,9015.14,9235.92
05/03/18,9233.97,9798.33,9188.15,9743.86
05/04/18,9695.50,9779.20,9585.96,9700.76
05/05/18,9700.28,9964.50,9695.12,9858.15
05/06/18,9845.31,9940.14,9465.25,9654.80
05/07/18,9645.67,9665.85,9231.53,9373.01
05/08/18,9380.87,9462.75,9127.77,9234.82
05/09/18,9223.73,9374.76,9031.62,9325.18
05/10/18,9325.96,9396.04,9040.52,9043.94
05/11/18,9052.96,9052.96,8394.46,8441.49
05/12/18,8441.44,8664.86,8223.50,8504.89
05/13/18,8515.49,8773.55,8395.12,8723.94
05/14/18,8713.10,8881.12,8367.97,8716.79
05/15/18,8705.19,8836.19,8456.45,8510.38
05/16/18,8504.41,8508.43,8175.49,8368.83
05/17/18,8370.05,8445.54,8054.12,8094.32
05/18/18,8091.83,8274.12,7974.82,8250.97
05/19/18,8255.73,8372.06,8183.35,8247.18
05/20/18,8246.99,8562.41,8205.24,8513.25
05/21/18,8522.33,8557.52,8365.12,8418.99
05/22/18,8419.87,8423.25,8004.58,8041.78
05/23/18,8037.08,8054.66,7507.88,7557.82
05/24/18,7561.12,7738.60,7331.14,7587.34
05/25/18,7592.30,7659.14,7392.65,7480.14
05/26/18,7486.48,7595.16,7349.12,7355.88
05/27/18,7362.08,7381.74,7270.96,7368.22
05/28/18,7371.31,7419.05,7100.89,7135.99
05/29/18,7129.46,7526.42,7090.68,7472.59
05/30/18,7469.73,7573.77,7313.60,7406.52
05/31/18,7406.15,7608.90,7361.13,7494.17
06/01/18,7500.70,7604.73,7407.34,7541.45
06/02/18,7536.72,7695.83,7497.26,7643.45
06/03/18,7632.09,7754.89,7613.04,7720.25
06/04/18,7722.53,7753.82,7474.04,7514.47
06/05/18,7500.90,7643.23,7397.00,7633.76
06/06/18,7625.97,7680.43,7502.01,7653.98
06/07/18,7650.82,7741.27,7650.82,7678.24
06/08/18,7685.14,7698.19,7558.40,7624.92
06/09/18,7632.52,7683.58,7531.98,7531.98
06/10/18,7499.55,7499.55,6709.07,6786.02
06/11/18,6799.29,6910.18,6706.63,6906.92
06/12/18,6905.82,6907.96,6542.08,6582.36
06/13/18,6596.88,6631.66,6285.63,6349.90
06/14/18,6342.75,6707.14,6334.46,6675.35
06/15/18,6674.08,6681.08,6433.87,6456.58
06/16/18,6455.45,6592.49,6402.29,6550.16
06/17/18,6545.53,6589.11,6499.27,6499.27
06/18/18,6510.07,6781.14,6446.68,6734.82
06/19/18,6742.39,6822.50,6709.92,6769.94
06/20/18,6770.76,6821.56,6611.88,6776.55
06/21/18,6780.09,6810.94,6715.17,6729.74
06/22/18,6737.88,6747.08,6006.60,6083.69
06/23/18,6090.10,6224.82,6071.81,6162.48
06/24/18,6164.28,6223.78,5826.41,6173.23
06/25/18,6171.97,6327.37,6119.68,6249.18
06/26/18,6253.55,6290.16,6093.67,6093.67
06/27/18,6084.40,6180.00,6052.85,6157.13
06/28/18,6153.16,6170.41,5873.05,5903.44
06/29/18,5898.13,6261.66,5835.75,6218.30
06/30/18,6214.22,6465.51,6214.22,6404.00
07/01/18,6411.68,6432.85,6289.29,6385.82
07/02/18,6380.38,6683.86,6305.70,6614.18
07/03/18,6596.66,6671.37,6447.75,6529.59
07/04/18,6550.87,6771.92,6450.46,6597.55
07/05/18,6599.71,6749.54,6546.65,6639.14
07/06/18,6638.69,6700.94,6533.55,6673.50
07/07/18,6668.71,6863.99,6579.24,6856.93
07/08/18,6857.80,6885.91,6747.98,6773.88
07/09/18,6775.08,6838.68,6724.34,6741.75
07/10/18,6739.21,6767.74,6320.72,6329.95
07/11/18,6330.77,6444.96,6330.47,6394.71
07/12/18,6396.78,6397.10,6136.42,6228.81
07/13/18,6235.03,6310.55,6192.24,6238.05
07/14/18,6247.50,6298.19,6212.22,6276.12
07/15/18,6272.70,6403.46,6256.51,6359.64
07/16/18,6357.01,6741.75,6357.01,6741.75
07/17/18,6739.65,7387.24,6684.17,7321.04
07/18/18,7315.32,7534.99,7280.47,7370.78
07/19/18,7378.20,7494.46,7295.46,7466.86
07/20/18,7467.40,7594.67,7323.26,7354.13
07/21/18,7352.72,7437.64,7262.41,7419.29
07/22/18,7417.80,7537.95,7383.82,7418.49
07/23/18,7414.71,7771.50,7409.10,7711.11
07/24/18,7716.51,8424.27,7705.50,8424.27
07/25/18,8379.66,8416.87,8086.36,8181.39
07/26/18,8176.85,8290.33,7878.71,7951.58
07/27/18,7950.40,8262.66,7839.76,8165.01
07/28/18,8169.06,8222.85,8110.77,8192.15
07/29/18,8205.82,8272.26,8141.18,8218.46
07/30/18,8221.58,8235.50,7917.50,8180.48
07/31/18,8181.20,8181.53,7696.93,7780.44
08/01/18,7769.04,7769.04,7504.95,7624.91
08/02/18,7634.19,7712.77,7523.44,7567.15
08/03/18,7562.14,7562.14,7328.65,7434.39
08/04/18,7438.67,7497.49,6984.07,7032.85
08/05/18,7031.08,7102.77,6940.70,7068.48
08/06/18,7062.94,7166.55,6890.54,6951.80
08/07/18,6958.32,7146.56,6748.24,6753.12
08/08/18,6746.85,6746.85,6226.22,6305.80
08/09/18,6305.56,6625.73,6249.07,6568.23
08/10/18,6571.42,6591.26,6124.52,6184.71
08/11/18,6185.79,6455.74,6109.03,6295.73
08/12/18,6283.65,6409.85,6237.50,6322.69
08/13/18,6341.36,6537.05,6225.72,6297.57
08/14/18,6287.66,6287.94,5971.05,6199.71
08/15/18,6221.42,6588.49,6221.42,6308.52
08/16/18,6294.23,6473.50,6276.41,6334.73
08/17/18,6340.91,6582.50,6324.97,6580.63
08/18/18,6583.43,6617.35,6353.73,6423.76
08/19/18,6422.57,6537.98,6361.55,6506.07
08/20/18,6500.51,6536.92,6297.93,6308.53
08/21/18,6301.07,6500.87,6298.24,6488.76
08/22/18,6486.25,6816.79,6310.11,6376.71
08/23/18,6371.34,6546.54,6371.34,6534.88
08/24/18,6551.52,6719.96,6498.64,6719.96
08/25/18,6719.95,6789.63,6700.96,6763.19
08/26/18,6754.64,6774.75,6620.75,6707.26
08/27/18,6710.80,6884.64,6689.71,6884.64
08/28/18,6891.08,7109.56,6882.34,7096.28
08/29/18,7091.71,7113.30,6970.82,7047.16
08/30/18,7043.76,7072.69,6834.69,6978.23
08/31/18,6973.97,7057.17,6920.16,7037.58
09/01/18,7044.81,7242.29,7038.05,7193.25
09/02/18,7189.58,7306.31,7132.16,7272.72
09/03/18,7279.03,7317.94,7208.15,7260.06
09/04/18,7263.00,7388.26,7255.44,7361.66
09/05/18,7361.46,7388.43,6792.83,6792.83
09/06/18,6755.14,6755.14,6404.72,6529.17
09/07/18,6528.92,6555.29,6396.87,6467.07
09/08/18,6460.17,6534.25,6197.52,6225.98
09/09/18,6223.38,6446.26,6201.22,6300.86
09/10/18,6301.57,6374.98,6292.76,6329.70
09/11/18,6331.88,6398.92,6260.21,6321.20
09/12/18,6317.01,6363.87,6265.09,6351.80
09/13/18,6354.24,6535.41,6354.24,6517.31
09/14/18,6515.41,6596.10,6456.17,6512.71
09/15/18,6509.40,6561.72,6493.55,6543.20
09/16/18,6536.68,6544.33,6460.10,6517.18
09/17/18,6514.06,6540.21,6257.52,6281.20
09/18/18,6280.91,6384.18,6265.71,6371.30
09/19/18,6371.85,6448.46,6208.34,6398.54
09/20/18,6398.85,6529.26,6395.95,6519.67
09/21/18,6513.87,6794.33,6496.36,6734.95
09/22/18,6735.05,6814.56,6616.80,6721.98
09/23/18,6715.32,6766.15,6679.42,6710.63
09/24/18,6704.77,6713.56,6580.90,6595.41
09/25/18,6603.64,6603.64,6381.86,6446.47
09/26/18,6452.79,6585.91,6397.89,6495.00
09/27/18,6495.29,6712.10,6464.95,6676.75
09/28/18,6678.75,6785.03,6598.32,6644.13