"Bitcoin","Ethereum","Litecoin","Gold","Oil","Chinese Yuan","Europe","Pound","SP","Dow Jones","EPU Index","NASDAQ","New York Stock Exchange","Volatil Index"
576.31,12.37,3.86,1305.06,43.17,6.6807,0.8988,0.7618,2173.560059,18430.05078,38.52,5229.939941,10780.70996,156
575.64,12.41,3.93,1308.71,44.39,6.6832,0.8971,0.7548,2184.870117,18544.75977,40.85,5263.390137,10867.84961,48
610.83,11.86,3.97,1322.6,44.85,6.6903,0.8979,0.7521,2186.570068,18551.53906,30.28,5275.910156,10891.21973,15
614.54,11.72,4.03,1346.43,45.47,6.6751,0.8907,0.7509,2187.870117,18536.89063,22.17,5287.609863,10898.75977,36
628.77,11.76,3.99,1342.44,47.63,6.6691,0.8902,0.753,2184.939941,18506.24023,27.04,5271.009766,10903.86035,79
626.83,12.06,3.99,1333.2,45.88,6.6842,0.8932,0.7554,2169.080078,18404.16992,35.65,5225.930176,10799.12988,468
608.46,12.14,3.84,1324.04,46.28,6.6823,0.8921,0.7557,2163.300049,18358.68945,39.54,5217.879883,10760.58984,235
611.19,12.06,3.85,1325.29,44.91,6.6814,0.8927,0.7595,2150.469971,18262.99023,67.65,5195.029785,10644.46973,453
611.95,12.14,3.84,1315.95,43.62,6.6822,0.8922,0.7612,2141.330078,18163.48047,28.87,5201.339844,10596.4502,423
611.09,12.81,3.83,1318.1,43.85,6.6734,0.8913,0.7587,2151.310059,18250.10938,30.61,5254.779785,10625.79981,377
609.26,12.92,3.83,1310.82,43.04,6.6734,0.8971,0.7696,2146.47998,18217.21094,44.18,5248.600098,10554.09961,332
610.93,14.75,3.84,1310.7,43.34,6.6755,0.897,0.7693,2153.610107,18254.88086,74.44,5281.069824,10625.69043,345
609.53,14.84,3.94,1311.03,43.85,6.6745,0.8972,0.7724,2150.800049,18227.21094,58.92,5265.180176,10620.36035,378
603.59,13.84,3.89,1312.78,45.33,6.6759,0.8995,0.7726,2165.110107,18307.42969,31.41,5299.399902,10716.58008,237
598.49,13.46,3.84,1329.21,46.1,6.6732,0.8942,0.7676,2179.98999,18449.88086,64.81,5342.879883,10818.11035,121
603.21,13.4,3.86,1331.43,44.36,6.6715,0.8937,0.7744,2173.75,18383.75977,60.71,5329.709961,10793.66016,149
608.25,13.56,3.86,1331.92,44.65,6.6708,0.8939,0.7731,2161.129883,18238.09961,56.95,5306.810059,10676.86035,203
606.59,13.38,3.85,1320.91,47.07,6.6756,0.8944,0.7705,2172.399902,18349.85938,38.39,5320.620117,10757.79004,150
606.82,13.39,3.85,1319.13,47.72,6.6753,0.8932,0.7721,2172.669922,18366.23047,51.81,5317,10764.26953,333
609.73,13.3,3.85,1319.42,47.72,6.6739,0.8968,0.773,2175.300049,18369.61914,34.93,5325.879883,10758.00977,226
612.57,13.56,3.85,1311.58,48.8,6.6716,0.8925,0.7804,2164.409912,18279.80078,78.99,5308.600098,10721.84961,242
612.05,13.44,3.86,1306.11,48.67,6.6716,0.898,0.7863,2165.459961,18313.76953,48.13,5323.600098,10712.58008,280
613.81,13.19,3.84,1267.73,49.75,6.6716,0.894,0.7883,2163.949951,18315.82031,65.03,5330.810059,10703.91992,244
613.82,13.08,3.85,1261.54,50.44,6.6716,0.8976,0.7934,2162.929932,18288.11914,58.51,5315.72998,10684.90039,245
617.91,12.76,3.85,1250.83,49.76,6.6716,0.9006,0.8461,2165.860107,18319.73047,57.08,5315.649902,10689.41992,282
621.32,12.23,3.85,1257.21,49.76,6.7081,0.8985,0.8104,2169.600098,18399.96094,15.2,5340.52002,10711.83008,169
642.08,12.09,3.82,1254.54,50.72,6.722,0.9052,0.8274,2161.560059,18312.33008,54.57,5321.819824,10656.21973,359
641.34,12.1,3.96,1251.61,50.14,6.7237,0.909,0.8261,2145.360107,18193.96094,59.38,5257.180176,10587.45996,365
638.83,12.06,3.91,1254.57,50.47,6.7341,0.9105,0.8244,2138.189941,18137.69922,50.64,5228.259766,10551.5,427
641.28,11.98,3.9,1252.14,50.35,6.7289,0.9118,0.8219,2149.189941,18261.10938,80.62,5258.879883,10606.66992,401
642.33,12.92,3.87,1249.77,49.97,6.7425,0.9123,0.8241,2135.610107,18162.2793,115.14,5219.97998,10531.45996,389
640.74,12.65,3.84,1254.13,50.3,6.7419,0.9118,0.8213,2144.379883,18225.80078,45.55,5264.27002,10583.83008,366
638.87,12.26,3.8,1258.28,51.59,6.7413,0.9128,0.8161,2148.439941,18252.19922,61.32,5253.830078,10623.29981,330
631.92,12.13,3.83,1266.57,50.31,6.7454,0.9163,0.819,2147.179932,18249.05078,48.77,5252.100098,10626.44043,277
634.09,12.16,3.91,1259.57,50.61,6.7672,0.9211,0.8219,2142.629883,18168.75977,34.08,5259.129883,10580.15039,250
657.25,11.96,3.9,1260.94,50.18,6.7764,0.9211,0.8209,2154.790039,18275.03906,58.65,5311.5,10629.62988,211
664.42,11.69,3.99,1261.74,49.45,6.7841,0.9217,0.8276,2151.439941,18241.68945,114.51,5310.27002,10590.58984,274
679.73,11.57,4.05,1270.74,48.75,6.7747,0.9198,0.8226,2145.72998,18236.03906,40.45,5280.850098,10558.75,325
688.59,11.6,4,1262.97,49.71,6.7851,0.9192,0.8231,2147.129883,18253.19922,85.31,5274.120117,10562.91016,417
690.44,11.25,4.1,1265.52,48.72,6.7899,0.9184,0.8257,2140.719971,18257.06055,74.06,5232.350098,10538.20996,460
709.29,11.64,4.02,1272.46,46.83,6.7758,0.9145,0.8236,2133.25,18193.67969,95.82,5206.709961,10505.99023,507
736.45,11.19,4.15,1273.63,46.66,6.7803,0.9126,0.8193,2131.449951,18177.00977,44.68,5201.129883,10513.53027,539
740.83,11.16,4.12,1287.72,45.32,6.7678,0.9052,0.8187,2111.76001,18044.15039,60.79,5156.700195,10407.32031,584
745.77,11.12,4.17,1296.24,44.66,6.7664,0.9044,0.8132,2102.560059,18006.96094,63.05,5115.060059,10370.26953,639
706.93,11.15,3.89,1295.85,44.07,6.7649,0.9025,0.8035,2099.070068,17986.75977,87.98,5087.509766,10352.98047,668
710.74,11.04,3.88,1286.08,44.88,6.7783,0.907,0.8079,2132,18263.30078,74.75,5169.410156,10500.19043,535
712.99,11.01,3.86,1279.28,44.96,6.7877,0.9084,0.8094,2146.870117,18400.5,119.44,5214.169922,10563.50977,524
740.05,10.83,3.93,1303.9,45.2,6.7877,0.9169,0.8095,2170.100098,18650.06055,246.03,5258.990234,10679.69043,293
723.02,10.73,3.85,1279.8,44.62,6.8022,0.9207,0.808,2182.300049,18873.66016,272.71,5302.680176,10735,354
718.32,10.67,3.83,1254.76,43.39,6.8193,0.9238,0.7984,2165.919922,18855.7793,140.42,5241.080078,10660.98047,288
706.28,10.17,3.9,1215.23,43.29,6.8472,0.9341,0.8037,2171.360107,18934.05078,263.29,5247.169922,10695.57031,297
715.72,10.32,3.96,1221.71,45.86,6.8675,0.9335,0.8078,2180.840088,18925.25977,161.83,5287.060059,10745.53027,223
747.61,10.38,4.02,1224.99,45.56,6.8804,0.9376,0.8058,2179.219971,18909.84961,135.29,5299.629883,10719.88965,257
755.65,10.14,3.99,1222.86,45.37,6.8792,0.9418,0.8059,2188.060059,18904.0293,111,5334.049805,10759.15039,220
752.88,9.99,3.98,1206.41,45.69,6.8929,0.9464,0.813,2189.889893,18915.74023,176.29,5346.799805,10735.08984,202
741.72,9.65,3.93,1209.43,47.48,6.9,0.9454,0.8124,2198.699951,18960.75977,94.21,5369.830078,10793.37012,117
753.87,10.25,3.96,1215.18,48.07,6.8938,0.9448,0.8075,2204.800049,19043.90039,102.35,5392.259766,10828.26953,128
752.25,9.93,3.96,1210.72,46.72,6.9203,0.95,0.8091,2204.719971,19083.75977,84.27,5380.680176,10837.23047,131
741.65,9.75,3.89,1178.2,46.72,6.9232,0.9492,0.8055,2213.350098,19152.14063,90.3,5398.919922,10878.09961,135
738.01,9.04,3.89,1190.77,45.66,6.909,0.9467,0.8075,2211.139893,19138.7207,96.79,5396.27002,10864.76953,176
737.47,8.71,3.9,1189.32,45.29,6.9021,0.9465,0.8073,2210.459961,19144.40039,56.24,5403.859863,10842.28027,164
747.93,8.73,3.9,1187.43,49.41,6.8898,0.9476,0.8052,2214.100098,19225.28906,63.67,5393.149902,10890.04004,228
758.28,8.67,3.9,1168.93,51.08,6.8992,0.9448,0.8002,2202.600098,19214.30078,167.88,5326.339844,10876.38965,279
781.3,8.44,3.94,1171.65,51.7,6.8903,0.9413,0.7961,2197.949951,19196.14063,144.2,5274.540039,10867.7002,283
773.47,7.6,3.9,1173.18,51.72,6.8933,0.9518,0.7919,2209.419922,19274.84961,113.93,5321.089844,10923.91016,120
765.62,7.8,3.53,1169.59,50.95,6.8821,0.9351,0.7903,2212.780029,19255.89063,158.64,5333.990234,10973.91992,85
771.54,8.55,3.64,1166.09,49.85,6.8938,0.9338,0.7956,2241.629883,19558.41992,162,5397.930176,11118,126
774.7,8.9,3.71,1173.73,50.84,6.8833,0.9436,0.7972,2251.689941,19664.9707,125.48,5425.52002,11176.62988,198
774.53,8.64,3.69,1165.55,51.51,6.9085,0.9499,0.7968,2259.800049,19757.74023,97.26,5450.160156,11194.23047,53
781.92,8.6,3.68,1153.87,52.74,6.9187,0.95,0.7962,2264.030029,19824.58984,99.45,5434.899902,11227.29981,104
788.46,8.54,3.68,1159.36,52.99,6.9078,0.9432,0.7905,2277.530029,19953.75,336.71,5486.75,11256.07031,152
782.03,8.47,3.65,1157.95,51.01,6.9101,0.9528,0.7982,2276.199951,19966.42969,53.87,5476.25,11234,162
781.43,8.28,3.66,1138.12,50.9,6.9444,0.9647,0.8083,2272.120117,19951.28906,232.94,5485.120117,11170.65039,132
785.03,7.94,3.66,1127.88,51.93,6.9624,0.9617,0.8081,2268.050049,19923.16992,53.13,5474.580078,11162.94043,105
793.61,7.92,3.71,1136.07,52.13,6.9546,0.9623,0.8095,2267.469971,19917.7793,91.47,5483.419922,11150.30957,37
801.34,7.76,3.65,1134.36,52.22,6.9595,0.9663,0.8122,2272.560059,19987.63086,59.25,5489.470215,11176.67969,52
834.28,7.96,3.79,1132.06,51.44,6.9549,0.9633,0.8115,2271.22998,19986.56055,37.37,5486.259766,11174.40039,60
875.78,7.92,3.75,1128.49,51.98,6.9516,0.9594,0.8145,2263.179932,19933.83008,50.35,5472.009766,11127.78027,71
925.12,7.64,4.45,1127.93,52.01,6.9532,0.9593,0.8179,2263.790039,19934.15039,35.7,5462.689941,11128.86035,71
975.92,7.72,4.54,1139.08,54.01,6.962,0.9643,0.8198,2271.310059,19981.10938,161.59,5498.910156,11149.79004,143
979.4,8.51,4.54,1144.99,53.8,6.9576,0.9608,0.8193,2254.51001,19878.43945,116.01,5450.629883,11092.48047,202
972.53,8.48,4.5,1157.55,53.75,6.9555,0.9543,0.8168,2253.580078,19852.55078,141.16,5441.899902,11104.08984,239
1044.08,9.94,4.63,1151.76,52.36,6.9638,0.9671,0.8198,2263.879883,19938.5293,89.85,5452.569824,11176.91016,116
1159.42,10.89,4.73,1157.14,53.26,6.9594,0.9627,0.8186,2272.820068,19956.14063,101.99,5482.350098,11252.62988,95
1191.1,11.63,4.63,1170.32,53.77,6.9324,0.9545,0.8151,2271.5,19948.59961,134.47,5495.850098,11264.16992,63
1046.81,10.42,4.29,1175,53.98,6.9404,0.9504,0.8161,2282.100098,19999.63086,96.97,5536.52002,11260.83984,67
913.69,10.75,4.32,1172.23,51.95,6.9381,0.9516,0.8248,2275.48999,19943.7793,121.76,5541.080078,11209.70996,44
914.87,10.68,4.58,1181.61,50.82,6.9343,0.948,0.8261,2279.27002,19957.11914,121.9,5564.25,11229.50977,48
919.45,10.72,4.57,1185.46,52.19,6.9379,0.9566,0.8306,2275.320068,19973.41992,124.56,5564.080078,11226.79981,42
826.25,10.23,4.05,1195.07,53.01,6.9246,0.9462,0.8229,2271.780029,19929.28906,113.32,5550.669922,11214.58008,66
829,9.9,4.02,1191.44,52.36,6.9051,0.944,0.825,2278.679932,19952.0293,135.56,5584.259766,11244.32031,36
910.56,10.53,3.94,1205.35,52.45,6.9059,0.9438,0.832,2272.080078,19882.99023,160.96,5557.049805,11221.90039,62
917.5,10.46,3.92,1211.06,51.12,6.8741,0.9409,0.8162,2272.01001,19828.19922,135.59,5555.97998,11203.42969,82
904.61,10.52,3.91,1199.32,51.39,6.88,0.9444,0.8162,2274.330078,19824.14063,95.56,5571.529785,11203.37012,107
899.4,10.75,3.92,1203.53,52.33,6.8822,0.9415,0.8155,2276.959961,19843.93945,141.55,5574.350098,11208.20996,27
928.27,10.96,3.84,1213.21,52.77,6.8605,0.9358,0.8095,2271.780029,19833.98047,154.77,5564.140137,11188.58008,47
924.15,10.87,3.83,1213.33,52.38,6.8652,0.9328,0.8052,2284.629883,19949.24023,136.15,5606.529785,11269.63965,33
903.25,10.65,3.78,1203.72,52.14,6.8855,0.9338,0.8008,2299.550049,20082,175.14,5658.589844,11343.78027,6
923.22,10.67,3.86,1182.53,53.18,6.8816,0.9387,0.7995,2299.02002,20115.9707,135.05,5667.450195,11314.32031,853
923.05,10.77,4.06,1190.43,52.63,6.8816,0.9418,0.8025,2286.01001,20028.61914,115.06,5636.089844,11229.25977,37
972.02,10.8,4.15,1196.24,52.75,6.8816,0.9361,0.8056,2279.090088,19918.16992,139.29,5615.149902,11225.94043,69
989.11,10.87,4.06,1207.12,53.9,6.8816,0.9319,0.7972,2289.139893,19967.73047,158.28,5662.109863,11259.88965,51
1013.52,10.92,4.04,1211.26,53.55,6.8816,0.9297,0.7993,2283.969971,19922.75,113.53,5656.009766,11225.45996,59
1033.87,10.95,4.06,1211.06,53.81,6.8795,0.9337,0.8027,2298.310059,20081.48047,131.28,5666.839844,11316.73047,10
1044.64,11.39,3.96,1220.55,53.01,6.8708,0.9342,0.8046,2296.179932,20094.94922,150.83,5668.200195,11289.48047,7
1061.93,11.55,3.98,1230.09,52.19,6.8863,0.9385,0.8099,2299.399902,20155.34961,121.82,5689.600098,11285.17969,6
1078.97,11.6,3.98,1230.88,52.37,6.8938,0.9401,0.8016,2295.909912,20068.2793,118.99,5686.959961,11254.79004,18
1088.99,11.49,3.95,1237.86,52.99,6.8736,0.9391,0.8008,2311.080078,20206.35938,74.34,5722.709961,11339.75977,20
998.91,11.44,3.79,1221.84,53.84,6.8826,0.9429,0.8041,2319.22998,20298.21094,231.24,5743.430176,11390.88965,21
1002.1,11.49,3.76,1227.53,52.96,6.892,0.9443,0.8014,2331.580078,20441.48047,77.85,5770.990234,11450.63965,16
1011.51,14.05,3.8,1224.78,53.21,6.8894,0.9469,0.8036,2337.580078,20504.41016,120.2,5783.089844,11468.87988,809
1008.84,13.68,3.84,1223.54,53.11,6.8778,0.9507,0.8075,2351.300049,20620.44922,130.16,5821.950195,11523.92969,47
1033.37,13.06,3.89,1231.52,53.41,6.8639,0.9444,0.803,2351.310059,20639.86914,89.07,5835.149902,11525.20996,31
1053.17,12.94,3.88,1235.19,53.41,6.8735,0.9432,0.8074,2351.159912,20624.05078,143.29,5838.580078,11510.91992,86
1117.25,12.84,3.81,1231.7,54.02,6.8895,0.9501,0.8064,2366.709961,20757.64063,87.54,5867.890137,11582.63965,30
1125.39,12.9,3.84,1233.29,53.61,6.8834,0.953,0.8051,2365.129883,20781.58984,226.71,5864.419922,11567.9502,26
1176.62,13.3,3.9,1234.18,54.48,6.884,0.9491,0.8048,2368.26001,20840.69922,84.74,5866.959961,11590.34961,43
1200.39,13.29,3.91,1247.63,53.99,6.8783,0.9474,0.8035,2367.340088,20821.75977,99,5845.310059,11556.15039,39
1181.98,16.09,3.87,1253.77,54.04,6.8816,0.9478,0.8076,2371.540039,20851.33008,117.37,5861.899902,11564.63965,47
1193.25,16.75,3.87,1250.26,54,6.873,0.9462,0.8081,2367.790039,20841.24023,114.25,5855.069824,11542,87
1222.5,17.65,3.87,1241.94,53.82,6.8826,0.9511,0.8145,2400.97998,21169.10938,111.9,5911.790039,11687.07031,111
1262.13,19.639999,4.35,1243.59,52.63,6.8911,0.9527,0.8167,2394.75,21129.19922,125.27,5897.009766,11633.63965,129
1280.31,21.059999,4.13,1229.54,53.33,6.9079,0.9524,0.819,2383.889893,21039.96094,88.91,5870.75,11604.51953,5
1276,20.299999,4.07,1231.23,53.19,6.9005,0.9459,0.8182,2378.800049,20986.42969,104.29,5857.740234,11562.58984,845
1275.55,19.809999,4.09,1222.84,52.68,6.9071,0.9473,0.8217,2375.120117,20970.53906,71.17,5859.77002,11547.79004,12
1232.16,18.93,3.98,1213.64,49.83,6.9132,0.9494,0.8238,2373.090088,20951.43945,124.51,5860.629883,11521.23047,30
1197.46,18.129999,3.92,1203.64,48.75,6.9226,0.9503,0.8239,2369.080078,20900.57031,95.37,5852.540039,11484.01953,77
1270.47,19.68,4,1195.68,48.05,6.9217,0.946,0.8239,2376.860107,20940.28906,81.65,5872.600098,11520.66992,27
1237.37,31.040001,5.23,1204.4,47.95,6.9146,0.9387,0.8227,2374.419922,20926.06055,56.5,5877.430176,11522.44043,846
1244.81,29.879999,4.38,1200.3,47.24,6.9225,0.9435,0.8259,2368.550049,20874,122.3,5860.5,11479.03027,20
1251.61,35.32,4.37,1199.34,48.34,6.9173,0.9432,0.8235,2390.01001,20977.4707,159.48,5911.200195,11609.86035,852
1257.98,46.549999,4.59,1221.36,48.3,6.9162,0.9342,0.8171,2388.100098,21000.10938,91.44,5911.47998,11630.92969,819
1180.16,54.880001,4.42,1224.01,48.34,6.911,0.9323,0.8115,2385.709961,20980.50977,152.01,5912.609863,11621.57031,812
1063.03,45.509998,4.15,1230.35,47.79,6.9112,0.9326,0.8107,2379.550049,20955.44922,161.69,5915.120117,11591.33008,825
1122.43,43.799999,4.15,1227.76,47.02,6.9113,0.9331,0.8104,2381.929932,20970.03906,184.47,5928.060059,11607.23047,81
1120.65,42.939999,4.11,1243.28,47.29,6.8959,0.9281,0.805,2351.810059,20686.21094,65.8,5825.669922,11440.87988,122
1058.01,44.259998,4.1,1243.84,47,6.8949,0.9288,0.8026,2358.919922,20757.89063,48.67,5842.819824,11494.04004,147
1040.47,53.740002,4.37,1240.82,47.3,6.8998,0.9295,0.8022,2356.219971,20718.33008,106.37,5858.950195,11468.91992,230
1046.4,50.549999,4.33,1253.1,47.02,6.883,0.9264,0.8016,2344.899902,20578.46094,83.12,5849.200195,11427.84961,95
1064.65,53.970001,4.41,1250.95,48.36,6.8892,0.9261,0.8039,2363.780029,20735.60938,89.73,5888.700195,11511.87988,22
1055.13,53.630001,8.23,1246.95,49.47,6.896,0.9311,0.8081,2363.360107,20684.73047,66.64,5900.870117,11507.51953,4
1049.29,52.220001,7.81,1247.84,50.3,6.8974,0.9371,0.8064,2370.419922,20753.7793,91.55,5916.77002,11537.7002,859
1074.92,51.77,7.61,1239.83,50.54,6.9064,0.939,0.8043,2370.350098,20722.58984,221.37,5927.810059,11528.29004,25
1151.74,45.970001,9.48,1245.1,50.25,6.8871,0.9397,0.8023,2365.870117,20692.33984,115.76,5928.930176,11502.25,23
1156.44,47.490002,12.85,1253.79,50.99,6.8871,0.9402,0.8053,2360.530029,20701.28906,103.95,5901.390137,11472.04004,856
1135.09,45.869999,12.62,1252.5,51.14,6.899,0.9402,0.8052,2378.360107,20887.5,75.28,5936.390137,11560.82031,98
1188.37,44.580002,11.27,1252.23,51.69,6.9047,0.9409,0.8034,2364.159912,20746.46094,82.38,5889.580078,11485.37988,89
1186.58,45.77,11.22,1259.96,52.25,6.9062,0.9453,0.8087,2363.76001,20726.07031,67.93,5892.069824,11483.71973,110
1190.34,44.43,10.32,1250.95,53.06,6.915,0.9463,0.8087,2366.370117,20750.33008,118.06,5907.850098,11496.73047,118
1208.07,47.889999,12.16,1253.46,53.38,6.9068,0.9454,0.8063,2355.219971,20660.0293,41.86,5878.939941,11474.66992,189
1207.14,51.040001,11.72,1272.95,53.12,6.9019,0.9445,0.8014,2352.719971,20642.53906,79.49,5868.089844,11462.50977,207
1205.89,50.099998,11.91,1283.43,53.19,6.8925,0.9425,0.8001,2348.26001,20612.26953,59.73,5856.540039,11420.38965,301
1194.9,50.25,11.59,1287.6,52.62,6.8916,0.9433,0.7985,2349.139893,20644.41016,119.99,5856.790039,11427.24023,225
1217.57,50.5,11.21,1281.03,52.46,6.8951,0.9402,0.7991,2348.350098,20600.11914,71.39,5860.040039,11426.83008,206
1215.51,49.560001,11.45,1283.43,50.49,6.8892,0.9347,0.7833,2352.629883,20546.68945,93.31,5894.680176,11416.90039,267
1240.79,49.459999,12.47,1276.68,50.26,6.8933,0.9338,0.7831,2361.370117,20629.7793,55.86,5926.22998,11449.15039,182
1235.94,48.939999,14.51,1277.63,49.64,6.8861,0.9363,0.7836,2356.179932,20601.40039,124.51,5919.22998,11427.63965,232
1250.94,50.610001,15.26,1271.18,48.9,6.8882,0.9242,0.783,2376.97998,20792.19922,144.04,5989.919922,11546.08984,827
1267.58,54.610001,15.86,1271.17,49.22,6.8891,0.9215,0.7829,2392.47998,21026.9707,58.82,6036.02002,11619.04004,788
1294.83,63.419998,15.16,1261.08,49.22,6.8928,0.9212,0.781,2398.159912,21070.90039,70.4,6040.890137,11653.16992,839
1319.7,73.849998,14.83,1263.6,48.96,6.9009,0.9216,0.7792,2392.100098,21005.80078,63.06,6050.700195,11601.33008,856
1331.28,74.029999,15.79,1262.35,49.31,6.9016,0.9212,0.7762,2393.679932,20987.75977,62.79,6074.040039,11579.30957,817
1434.32,81.239998,15.88,1261.86,48.83,6.8935,0.9188,0.7762,2394.48999,20976.61914,97.49,6100.72998,11569.4502,811
1473.9,80.959999,26.52,1253.84,47.65,6.8985,0.9186,0.7774,2392.929932,20960.91992,89.58,6102.720215,11562.63965,13
1492.77,95.309998,26.68,1252.97,47.79,6.899,0.9192,0.7774,2389.820068,20972.74023,86.79,6076.959961,11537.05957,838
1608.91,97.660004,27.16,1235.73,45.55,6.8988,0.9195,0.7794,2391.429932,20990.78906,184.47,6080.819824,11546.21973,33
1618.03,95.599998,27.93,1227.83,46.23,6.9032,0.9134,0.7752,2399.290039,21006.93945,72.21,6100.759766,11615.61035,856
1723.35,89.580002,32.439999,1228.49,46.46,6.9067,0.9162,0.7734,2401.360107,21017.89063,113.15,6106.120117,11612.17969,837
1833.49,91.32,36.470001,1224.58,45.84,6.9095,0.9206,0.7752,2403.870117,21046.84961,84.95,6133,11604.71973,828
1788.44,90.550003,32.080002,1219.86,47.28,6.9094,0.9214,0.7736,2399.73999,20976.2793,67.32,6131.640137,11599.5,830
1873.93,90.57,30.780001,1217.56,47.81,6.9081,0.9225,0.7784,2395.719971,20933.35938,49.78,6120.200195,11574.4502,854
1856.15,88.589996,28.18,1223.85,47.83,6.907,0.9214,0.7785,2392.439941,20916.09961,129.4,6122.839844,11557.82031,834
1812.8,92.18,25.15,1227.74,48.86,6.9032,0.9156,0.7765,2404.050049,21000.83008,169.44,6153.040039,11628.24023,832
1785.94,89.400002,26,1230.81,48.64,6.8964,0.9113,0.7772,2405.77002,21033.5293,118,6170.160156,11642.84961,8
1864.05,96.099998,28.790001,1240.26,49.04,6.8963,0.9024,0.7749,2384.870117,20846.16992,62.79,6122.870117,11530.51953,268
1904.48,129.470001,28.200001,1256.78,49.36,6.8968,0.9031,0.7755,2375.73999,20759.19922,89.48,6073.450195,11479,184
2004.52,129.070007,28.17,1247.09,50.32,6.8974,0.9013,0.7736,2389.060059,20857.13086,87.23,6106.549805,11573.20996,69
2303.9,176.039993,31.719999,1251.76,50.81,6.896,0.896,0.7713,2395.459961,20914.25977,83.62,6135.919922,11592.51953,835
2320.82,201.149994,35.939999,1259.03,51.12,6.8941,0.8949,0.7722,2400.850098,20961.14063,64.98,6150.910156,11620.26953,833
2523.72,216.100006,35.759998,1248.81,50.99,6.8959,0.8954,0.7736,2405.580078,21022.82031,76.1,6166.089844,11626.13965,803
2763.71,197.669998,31.35,1255.2,48.57,6.8899,0.8934,0.7734,2418.709961,21112.32031,51.65,6217.339844,11666.90039,818
2573.79,169.619995,25.940001,1255.33,49.58,6.8703,0.8961,0.7828,2416.679932,21092.82031,62.91,6211.52002,11635.45996,813
2301.96,233.919998,25.99,1264.83,49.63,6.8556,0.9002,0.7817,2415.26001,21063.61914,45.36,6217.129883,11616.45996,826
2311.08,235.520004,29.610001,1258.73,48.29,6.8529,0.8959,0.7832,2415.98999,21051.69922,168.16,6221.990234,11613.11035,794
2448.39,227.710007,28.65,1265.53,48.32,6.812,0.8928,0.7794,2430.060059,21144.17969,100.04,6247.069824,11699.83008,812
2488.55,226.410004,28.559999,1259.31,47.68,6.8242,0.8927,0.7788,2440.22998,21225.03906,61.36,6308.759766,11728.79981,806
2686.81,268.119995,31.190001,1277.75,47.4,6.8059,0.8903,0.7784,2439.550049,21224.41016,274.58,6310.620117,11711.58008,804
2999.91,264.799988,30.57,1282.14,48.13,6.8037,0.8898,0.7771,2436.209961,21180.4707,85.3,6304.209961,11693.09961,843
2869.38,260.769989,30.389999,1289.85,45.8,6.7979,0.8927,0.776,2435.280029,21189.83984,46.07,6302.779785,11698.15039,831
2815.3,279.140015,30.629999,1283.33,45.68,6.8014,0.8933,0.7748,2439.27002,21265.68945,33.16,6324.060059,11702.63965,827
2901.71,351.820007,30.309999,1272.51,45.82,6.8041,0.8958,0.7918,2446.199951,21305.34961,65.8,6341.700195,11754.75,19
2997.26,399.5,30.610001,1265.18,46.1,6.7996,0.8937,0.7914,2430.379883,21277.08008,98.63,6183.810059,11774.17969,823
2789.04,393.619995,31.809999,1262.48,46.41,6.7995,0.8941,0.7911,2441.48999,21332.76953,144.57,6226.410156,11799.19043,808
2786.83,351.940002,29.790001,1265.56,44.79,6.8007,0.8934,0.786,2443.75,21391.9707,48.72,6237.529785,11811.5,810
2534.71,360.839996,34.18,1260.87,44.47,6.8079,0.8984,0.7881,2433.949951,21367.2793,67.05,6170.149902,11744.62012,843
2539.92,368.329987,47.700001,1250.99,44.73,6.8162,0.8978,0.7845,2433.149902,21384.41992,80.07,6161.560059,11772.03027,798
2662.85,365.220001,48.32,1249.77,44.24,6.8199,0.8974,0.7859,2453.820068,21528.99023,75.3,6243.310059,11836.95996,783
2763.45,352.829987,46.75,1242.7,43.34,6.836,0.8995,0.7936,2450.659912,21535.0293,93.24,6234.009766,11801.2002,822
2772.01,333.399994,47.91,1243.08,42.48,6.8363,0.8988,0.7944,2442.22998,21492.61914,90.96,6236.660156,11753.30957,35
2723.74,331.529999,46.98,1249.17,42.53,6.8365,0.8979,0.7903,2441.620117,21456.4707,93.79,6257.680176,11741.87988,816
2765.17,330.279999,46.09,1249.99,42.86,6.8454,0.8973,0.7891,2441.399902,21421.78906,135.04,6269.370117,11750.33008,847
2615.25,286.640015,40.240002,1249.47,43.24,6.8468,0.8953,0.7871,2450.419922,21506.21094,44.92,6303.450195,11793.54004,773
2552.45,323.869995,43.099998,1243.4,44.25,6.8466,0.8946,0.7865,2440.149902,21440.59961,93.1,6234.319824,11787.59961,859
2603.98,322.279999,41.939999,1248.45,44.74,6.8114,0.8858,0.7817,2442.969971,21478.75,95.31,6238.290039,11827.5,787
2588.83,305.299988,41.220001,1247.85,44.88,6.8014,0.8791,0.774,2442.72998,21487.38086,65.45,6216.600098,11837.59961,22
2559.25,281.809998,39.700001,1242.9,46.02,6.7856,0.8779,0.7724,2432.709961,21426.11914,111.89,6170.629883,11799.45996,9
2622.65,274.549988,52.98,1223.39,45.11,6.8035,0.8841,0.7757,2434.899902,21505.35938,57.04,6163.620117,11829.91992,843
2616.72,266.25,51.18,1223.17,45.52,6.8074,0.8828,0.7742,2424.280029,21433.09961,76.45,6127.97998,11771.17969,141
2916.14,248.350006,52.110001,1219.15,44.25,6.806,0.8788,0.7774,2426.919922,21425.82031,160.41,6164.939941,11757.55957,858
2537.16,216.160004,46.689999,1207.39,44.4,6.8049,0.8788,0.7779,2432,21446.39063,92.94,6191.27002,11776.90039,801
2413.47,227.059998,48.380001,1209.14,45.06,6.8086,0.8787,0.7796,2429.300049,21441.61914,85.23,6200.580078,11759.16992,820
2423.71,226.660004,47.66,1216.08,45.48,6.8022,0.878,0.7807,2445.76001,21580.78906,70.04,6265.640137,11846,17
2425.22,207.070007,45.959999,1219.38,46.06,6.7874,0.8797,0.7768,2449.320068,21568.7207,73.54,6281.450195,11849.38965,775
2363.25,198.710007,42.68,1214.59,46.53,6.786,0.878,0.7733,2463.540039,21681.5293,90.61,6321.759766,11918.16992,790
2230.49,256.890015,44.84,1228.04,46.02,6.7763,0.8745,0.7665,2462.820068,21661.81055,92.6,6330.970215,11910.84961,759
2387.61,244.020004,43.77,1233.97,46.4,6.7702,0.8719,0.769,2460.919922,21589.93945,88.82,6344.549805,11879.96973,815
2397.17,235.860001,45.23,1237.88,47.1,6.7591,0.8688,0.7687,2473.830078,21640.75,51.42,6387.72998,11941.37988,798
2900.7,236.619995,47.310001,1236.6,46.73,6.7744,0.8714,0.7732,2477.620117,21661.91016,100.4,6398.259766,11963.54981,805
2838.41,236.550003,47.110001,1242.85,45.78,6.7705,0.8608,0.7722,2472.540039,21592.60938,73.36,6388.779785,11944.5,742
2777.26,225.979996,45.049999,1251.7,46.21,6.7687,0.8604,0.7702,2473.100098,21577.7793,305.98,6417.700195,11919.61035,750
2768.08,209.289993,43.09,1251.87,47.77,6.7568,0.8599,0.7687,2481.23999,21670.61914,162.68,6425.450195,11985.79981,731
2610.76,205.679993,42.41,1244.49,48.58,6.7595,0.8611,0.7692,2481.689941,21742.69922,80.27,6432.379883,11985.19043,737
2693.32,203.929993,42.189999,1260.01,49.05,6.755,0.8584,0.766,2484.040039,21798.4707,40.48,6460.839844,11977.88965,774
2897.45,209.570007,41.400002,1256.67,49.72,6.7498,0.8569,0.7659,2473.530029,21841.17969,45.32,6379.700195,11959.86035,767
2889.62,232.550003,43.93,1265.88,50.21,6.7387,0.8531,0.7635,2477.959961,21929.80078,80.96,6396.589844,11989.53027,791
2921.35,228.979996,43.189999,1266.41,49.19,6.7252,0.8486,0.7583,2478.51001,21990.96094,70.77,6375.75,12012.65039,740
2762.53,228.080002,43.18,1264.04,49.6,6.7297,0.848,0.7582,2480.379883,22036.09961,57.38,6394.209961,11981.41016,766
2813.31,227.449997,43.77,1260.03,49.03,6.7331,0.8454,0.7627,2476.030029,22044.84961,61,6368.529785,11975.41992,779
2899.33,258.470001,47.23,1266.13,49.57,6.7306,0.8529,0.7679,2480,22092.81055,63.9,6361.490234,11994.9502,799
3397.68,299.549988,49.93,1255.23,49.37,6.729,0.85,0.7685,2480.949951,22121.15039,96.65,6386.029785,11987.79004,785
3484.85,314.75,50.200001,1257.06,49.07,6.7222,0.8537,0.7722,2490.870117,22179.10938,56.87,6423.350098,12019.84961,807
3422.76,310.179993,48.68,1262.7,49.59,6.7075,0.8556,0.7712,2474.409912,22057.18945,62.08,6355.040039,11930.12988,810
3453.45,310.359985,47.619999,1274.55,48.54,6.6734,0.8545,0.7721,2465.379883,21988.19922,66.59,6318.279785,11889.28027,266
3679.72,319.140015,47.77,1283.77,48.81,6.6801,0.8511,0.7728,2448.090088,21911.08984,41.93,6266.890137,11791.37988,199
4325.13,299.709991,45.799999,1283.7,47.59,6.6727,0.8497,0.7718,2468.219971,22019.23047,88.94,6346.830078,11879.03027,836
4455.97,303.290009,44.939999,1273.65,47.57,6.6864,0.8558,0.7785,2468.899902,22038.91992,86.83,6350.740234,11862.48047,829
4381.23,310.429993,44.740002,1269.61,46.8,6.6981,0.8562,0.7788,2474.929932,22085.71094,47.71,6374.560059,11891.04004,824
4484.7,306.519989,47.919998,1284.26,47.07,6.6925,0.8575,0.7783,2465.02002,21984.74023,56.82,6334.22998,11856.49023,194
4370.13,298.790009,46.889999,1287.04,48.59,6.6828,0.8541,0.7796,2440.27002,21793.34961,60.34,6254.220215,11753.83008,202
4109.14,329.390015,48.099998,1283.71,47.39,6.6762,0.8525,0.7784,2430.580078,21718.74023,60.63,6226.930176,11726.90039,117
4128.76,325.100006,55.43,1285.34,47.65,6.6654,0.8515,0.7806,2454.77002,21912.83008,74.28,6302.839844,11813.91016,2
4255.78,328.649994,53.580002,1282.48,48.45,6.6693,0.8518,0.7826,2448.909912,21866.66016,69.07,6291.299805,11805.49023,57
4376.39,337.23999,52.299999,1285.88,47.24,6.6661,0.8487,0.7829,2450.389893,21870.10938,42.9,6302.850098,11816.59961,84
4455.7,334.700012,52.130001,1283.82,47.65,6.6707,0.8494,0.7817,2453.959961,21906.85938,72.15,6308.720215,11845.5,14
4403.93,375.179993,64.199997,1291.86,46.4,6.6467,0.8392,0.7769,2449.120117,21861.49023,80.49,6292.259766,11836.45996,3
4625.68,390.640015,66.57,1315.81,46.46,6.625,0.837,0.7744,2449.189941,21879.2207,81.46,6311.259766,11801.41016,856
4626.52,389.640015,74.589996,1308.3,45.96,6.5998,0.8418,0.7765,2460.310059,21914.25977,42.02,6374.470215,11818.67969,844
4736.05,395.299988,92.769997,1302.33,47.26,6.6025,0.8458,0.7781,2475.01001,21985.75977,43.34,6435.27002,11890.30957,818
4892.01,392.040009,93.669998,1316.86,47.32,6.5927,0.8439,0.7749,2480.379883,22038.9707,57.53,6449.649902,11934.96973,802
4427.84,341.769989,82.169998,1332.15,48.63,6.5579,0.8427,0.7747,2471.969971,21921.08984,142.33,6426.509766,11898.12012,52
4617.25,338.920013,82.839996,1336.58,49.13,6.5485,0.8403,0.7681,2469.639893,21849.24023,198.18,6407.399902,11889.26953,849
4655.04,335.390015,82.199997,1332.55,49.1,6.5321,0.8395,0.7674,2468.620117,21850.00977,88.44,6413.069824,11899.61035,851
4661,309.070007,73.949997,1348.9,47.44,6.4874,0.8323,0.7638,2467.110107,21846.63086,68.98,6391.410156,11902.44043,46
4261.67,316.380005,71.970001,1334.76,48.06,6.5303,0.8371,0.7599,2488.949951,22067.09961,94.13,6439.109863,12015.79004,794
4344.65,294.390015,66.339996,1323.46,48.21,6.5498,0.8385,0.7599,2496.77002,22134.57031,59.02,6455.029785,12061.04981,769
4131.98,280.649994,62.66,1328.68,49.3,6.5431,0.8423,0.7585,2498.370117,22158.17969,71.31,6460.419922,12063.25,764
3920.6,267.700012,55.650002,1318.82,49.86,6.5601,0.8448,0.7598,2498.429932,22216.43945,120.33,6455.319824,12065.79981,769
3733.45,272.429993,57.34,1327.28,49.9,6.5552,0.8404,0.7473,2500.22998,22275.01953,72.36,6464.27002,12080.67969,744
4079.23,299.910004,56.700001,1314.27,49.88,6.5758,0.8394,0.7427,2508.320068,22355.61914,68.55,6477.77002,12123.74023,745
4094.07,293.73999,54.369999,1305.14,49.54,6.6006,0.8369,0.7426,2507.840088,22386.00977,58.25,6467.790039,12137.59961,757
4031.39,287.130005,52.48,1309.35,50.29,6.5849,0.8431,0.7434,2508.850098,22413.25977,52.37,6466.049805,12158.98047,748
3916.42,270.73999,49.029999,1295.55,50.58,6.6041,0.8428,0.7424,2507.159912,22419.50977,55.35,6448.569824,12152.76953,753
3758.27,286.720001,50.009998,1293.04,50.33,6.5996,0.8378,0.7435,2503.469971,22364.31055,63.09,6429.540039,12156.09961,752
3950.25,295.890015,54.369999,1289.88,51.85,6.6226,0.8452,0.7447,2502.540039,22359.88086,105.42,6408.049805,12165.24023,765
3969.89,312.640015,57.389999,1307.12,51.59,6.6418,0.8506,0.7459,2503.51001,22369.34961,58.14,6405,12156.5,780
4210.05,310.23999,57.16,1290.72,52.14,6.6447,0.8535,0.7484,2511.75,22371.09961,63.54,6472.649902,12173.33984,776
4279.31,303.540009,54.93,1279.07,51.62,6.678,0.8534,0.7495,2510.810059,22394.74023,103.05,6456.22998,12183.66992,762
4214.63,305.910004,55.91,1283.33,51.67,6.6821,0.8496,0.749,2519.439941,22405.63086,107.61,6497.97998,12209.4502,750
4470.23,299.920013,53.540001,1272.52,50.59,6.6534,0.8525,0.7544,2529.22998,22559.38086,75.31,6527.220215,12265.38965,734
4432.47,295.570007,52.98,1267.45,50.44,6.6534,0.855,0.7563,2535.129883,22646.32031,52.47,6532.180176,12303.71973,740
4352.31,297.470001,51.869999,1272.44,50,6.6534,0.8522,0.7556,2540.530029,22685.93945,48.06,6546.459961,12320.03027,743
4362.64,309,52.75,1272.28,50.79,6.6534,0.8548,0.763,2552.51001,22777.03906,40.99,6587.209961,12351.13965,739
4413.27,314.119995,52.900002,1265.77,49.34,6.6534,0.8569,0.7678,2549.409912,22773.66992,85.68,6590.180176,12317.98047,748
4878.71,305.950012,51.630001,1278.06,49.58,6.6571,0.8535,0.7659,2551.820068,22803.36914,42.94,6599.339844,12334.30957,759
4922.17,305.119995,51.049999,1283.49,50.93,6.6238,0.8518,0.7617,2555.22998,22850.50977,74.46,6608.299805,12356,749
4873.73,308.769989,59.720001,1286.32,51.3,6.6002,0.8478,0.7591,2555.23999,22872.89063,60.44,6604.209961,12362.19043,736
5446.91,347.700012,60.759998,1291.8,50.61,6.5996,0.8456,0.7621,2555.330078,22884.82031,37.61,6613.5,12353.13965,758
5840.3,347.140015,66.480003,1292.6,51.43,6.5886,0.8471,0.7549,2557.649902,22905.33008,63.88,6616.580078,12377.88965,738
5776.23,334.420013,64.970001,1300.22,51.86,6.5944,0.8489,0.7562,2559.469971,22960.11914,98.42,6632.5,12377.25,732
5800.35,316.339996,61.889999,1289.96,51.87,6.6248,0.8521,0.7602,2559.709961,23002.19922,49.38,6628.600098,12357.63965,733
5603.82,316.380005,61.389999,1282.71,52.05,6.6291,0.8526,0.7611,2564.110107,23172.92969,100.11,6635.52002,12382.58984,735
5744.35,312.109985,62.169998,1277.86,51.29,6.6391,0.8498,0.7615,2562.360107,23167.24023,82.48,6605.290039,12381.51953,747
6060.11,303.089996,60.360001,1282.3,51.63,6.6271,0.8501,0.7641,2575.439941,23328.83984,62.32,6640.029785,12430.65039,736
6075.59,311.230011,58.98,1273.27,51.91,6.6411,0.8529,0.76,2578.290039,23368.36914,136.2,6641.569824,12443.79981,793
5935.52,300.359985,56.400002,1278.79,52.32,6.6403,0.8518,0.7626,2572.179932,23485.25,37.25,6611.899902,12419.50977,755
5754.33,299.369995,56.950001,1271.74,51.97,6.6491,0.8508,0.7628,2567.399902,23451.50977,60.11,6600.640137,12406.2002,839
5976.8,298.899994,55.990002,1277.19,52.41,6.6435,0.859,0.7607,2567.070068,23459.83984,114.37,6582.759766,12380.28027,821
5988.39,297.049988,55.790001,1264.52,53.92,6.6632,0.864,0.7651,2582.97998,23449.40039,87.39,6708.129883,12366.7002,768
6214.99,311.940002,58.66,1268.19,54.11,6.6526,0.8626,0.7631,2580.030029,23428.75,64.62,6727.390137,12354.55957,792
6470.43,310.859985,56.740002,1273.42,54.36,6.6461,0.8602,0.7581,2578.290039,23406.34961,50.39,6737.75,12358.75977,788
6767.31,304.769989,55.619999,1268.71,54.32,6.6385,0.8617,0.7553,2588.399902,23517.71094,66.7,6759.660156,12414.59961,796
7367.33,293.029999,54.900002,1275.49,54.55,6.6132,0.8611,0.7668,2581.110107,23531.38086,85.31,6719.970215,12377.08984,795
7461.29,307.140015,56.130001,1273.91,55.63,6.6399,0.8622,0.767,2588.419922,23557.06055,103.89,6765.140137,12376.23047,761
7445.77,306.799988,55.790001,1267.03,57.34,6.6434,0.8636,0.7658,2593.379883,23574.85938,92.35,6790.669922,12410.66016,760
7253.32,303.76001,63.490002,1276.64,57.19,6.6421,0.8655,0.7629,2597.02002,23602.11914,100.93,6795.52002,12415.95996,789
7776.42,319.200012,64.07,1275.17,56.82,6.6467,0.8637,0.7641,2595.469971,23575,67.48,6791.649902,12390.53027,772
7446.83,329.209991,66.900002,1279.76,57.16,6.6441,0.8631,0.7643,2586.5,23516.74023,65.11,6758.930176,12350.7002,818
7312,324.220001,65.75,1282.39,56.75,6.6466,0.8606,0.7627,2583.810059,23452.19922,56.77,6757.339844,12332.24023,848
6811.19,318.579987,61.84,1273.7,56.77,6.6531,0.8595,0.7656,2587.659912,23461.67969,134.97,6766.299805,12328.16016,857
6764.98,337.149994,63.41,1273.67,55.67,6.6451,0.8576,0.7649,2579.659912,23414.08008,107.88,6743.629883,12316.83008,850
7342.25,345.179993,76.099998,1279.33,55.28,6.6388,0.8486,0.7618,2572.840088,23344.99023,58.1,6725.319824,12250.91992,92
7967.38,334.850006,72.5,1275.12,55.14,6.6406,0.8507,0.7614,2590.090088,23492.18945,83.79,6806.669922,12321.90039,830
8004.59,334.549988,71.290001,1279.14,56.21,6.6373,0.85,0.7593,2583.959961,23433.76953,98.62,6797.75,12314.69043,844
8336.86,372.820007,73.160004,1289.09,56.21,6.6422,0.853,0.7583,2584.639893,23456.88086,79.5,6795.830078,12331.08984,800
8348.66,372.869995,72.849998,1277.14,56.84,6.6451,0.8538,0.7571,2601.189941,23617.80078,199.49,6862.660156,12397.32031,763
8302.26,381.609985,72.040001,1279,57.88,6.6343,0.8525,0.7569,2600.939941,23605.76953,52.93,6874.52002,12416.75,762
8374.16,478.380005,77.610001,1288.68,58.94,6.6085,0.8448,0.7531,2604.209961,23599.17969,34.88,6890.02002,12431.69043,781
9818.35,489.429993,93.110001,1286.84,58.1,6.6071,0.8407,0.7514,2606.409912,23638.91992,31.11,6897.430176,12427.30957,790
10125.7,478.459991,94.529999,1291.15,57.96,6.612,0.8456,0.7564,2627.689941,23849.60938,206.63,6914.189941,12523.63965,807
11517.4,515.440002,103.029999,1292.25,57.25,6.6118,0.8462,0.7498,2634.889893,23959.75977,103.98,6908.330078,12579.79981,847
10801,460.809998,92.230003,1280.95,57.4,6.6212,0.8468,0.7459,2657.73999,24327.82031,101.48,6888.649902,12673.7002,17
11046.7,467.220001,100.220001,1273.01,58.35,6.6193,0.8438,0.7439,2650.620117,24322.06055,86.95,6872.169922,12649.28027,54
11657.2,472.160004,103.949997,1271.9,57.48,6.6212,0.8455,0.7452,2665.189941,24534.03906,101.07,6899.22998,12724.5,24
12032,467.839996,103.910004,1273.16,57.66,6.62,0.8475,0.7479,2648.719971,24349.74023,95.44,6836.450195,12640.37988,855
14369.1,456.869995,103,1263.82,55.79,6.6208,0.8489,0.7487,2634.409912,24229.34961,57.79,6787.419922,12565.59961,842
17899.7,434.850006,99.809998,1259.17,56.5,6.6212,0.8496,0.7508,2640.98999,24262.88086,40.69,6829.290039,12581.42969,834
18353.4,461.100006,136.399994,1245.7,57.15,6.6219,0.8525,0.7489,2651.649902,24330.11914,63.52,6870.47998,12643.12012,784
17513.9,519.349976,225.550003,1246.07,57.84,6.6188,0.8502,0.7502,2660.330078,24389.7207,81.46,6879.799805,12669.29004,741
17781.8,678.25,401.76001,1241.42,57.12,6.6235,0.8536,0.7517,2669.719971,24552.9707,66.43,6884.799805,12717.08008,771
17653.1,755.070007,347.799988,1240.65,56.59,6.623,0.8526,0.7513,2671.879883,24666.01953,52.01,6897.620117,12739.79981,786
17085.8,751.679993,314.779999,1253.77,57,6.6117,0.8496,0.7469,2668.090088,24672.48047,32.59,6901.129883,12713.82031,792
18154.1,696.890015,317.690002,1252.04,57.29,6.6117,0.8511,0.7519,2679.629883,24688.61914,104.84,6945.819824,12723.58984,751
19371,799.369995,364.339996,1252.67,57.17,6.619,0.8519,0.7514,2694.969971,24876.07031,94.77,7003.890137,12812.11035,754
19177.8,868.890015,376.100006,1259.66,57.49,6.6185,0.8492,0.7501,2694.439941,24850.10938,82.4,6995.879883,12807.12988,782
17934.7,830.200012,346.730011,1260.77,58.09,6.6066,0.8455,0.748,2691.01001,24852.43945,57.2,6991.25,12791.66016,775
17567.7,840.549988,327.26001,1263.85,58.34,6.5885,0.8439,0.7501,2692.639893,24850.91016,92.94,6992.629883,12826.03027,771
15943.4,794.159973,309.109985,1263.87,58.25,6.586,0.8463,0.7491,2685.350098,24784.15039,72.69,6962.259766,12807.5,778
16461.2,756.030029,283.859985,1275.14,59.55,6.5584,0.8441,0.7492,2682.73999,24778.13086,106.31,6942.140137,12819.57031,746
16930.9,766.530029,285.320007,1280.16,59.67,6.5598,0.8437,0.7481,2685.639893,24789.51953,58.44,6955.379883,12834.54981,799
15888.4,741.460022,265.649994,1287.24,59.84,6.5598,0.8413,0.7466,2687.659912,24839.23047,63.24,6954.799805,12853.91992,777
15279,755.200012,258.359985,1292.56,60.46,6.5304,0.8378,0.7449,2692.120117,24871.66016,146.43,6954.97998,12886.11035,829
15444.6,882.609985,260.529999,1304.8,60.37,6.5054,0.8334,0.7408,2695.889893,24864.18945,111.2,7006.910156,12902.71973,764
15572.8,951.700012,256.809998,1313.06,61.61,6.5126,0.8332,0.741,2714.370117,24941.91992,52.45,7069.149902,12963.38965,756
15739.7,997.440002,244.880005,1307.03,61.98,6.5111,0.833,0.7406,2729.290039,25105.96094,243.48,7098.049805,13045.16016,770
17705.2,1018.369995,251.559998,1318.21,61.49,6.4911,0.832,0.7395,2743.449951,25299.78906,108.68,7137.040039,13104.51953,786
16537.9,1228.25,273.470001,1316.67,61.73,6.5015,0.8366,0.7396,2748.51001,25311.99023,77.28,7161.350098,13117.24023,787
15497.5,1300.300049,258.589996,1315.71,62.92,6.5329,0.8393,0.7403,2759.139893,25439.7793,157.58,7181.140137,13156.87988,814
14973.3,1385.219971,249.309998,1308.75,63.6,6.5373,0.8387,0.7419,2750.800049,25404.91992,89.18,7154.240234,13131.11035,794
15018.8,1333.920044,252.889999,1315.47,63.81,6.5179,0.8383,0.7431,2767.560059,25575.41992,111.72,7211.779785,13210.76953,797
14229.9,1287.060059,241.830002,1323.88,64.22,6.4905,0.8314,0.7389,2787.850098,25810.42969,107.69,7265.259766,13299.19043,820
13843.1,1282.27002,232.399994,1337.62,63.82,6.4477,0.82,0.7277,2807.540039,26086.11914,61.57,7330.330078,13371.96973,48
11678,1115.660034,204.559998,1335.06,63.92,6.4404,0.8213,0.727,2807.040039,26130.44922,61.83,7309.359863,13376.79981,51
12107.3,1093.900024,208.369995,1324.68,63.96,6.4437,0.8221,0.7244,2805.830078,26153.41992,115.86,7313.890137,13353.13965,66
11992.8,1083.619995,201.25,1328.4,63.38,6.4112,0.8185,0.7227,2810.330078,26071.7207,88.34,7336.379883,13384.45996,21
11966.4,1084.280029,194.339996,1329.41,63.66,6.4157,0.8188,0.7217,2833.030029,26215.23047,110.72,7408.029785,13470.40039,3
11377.6,1020.659973,186.110001,1333.11,64.45,6.4139,0.8183,0.7186,2842.23999,26246.18945,74.52,7465.390137,13482.41992,23
11501.4,1062.599976,184.699997,1339.25,65.69,6.4013,0.8135,0.7145,2852.969971,26392.80078,93.27,7486.319824,13556.37988,92
11785.7,1102.420044,184.690002,1358.07,65.62,6.36,0.8088,0.7101,2848.560059,26458.25,77.97,7458.529785,13555.50977,100
11656.7,1075.589966,182.149994,1348.99,66.27,6.3343,0.8084,0.7088,2872.870117,26616.71094,110,7505.77002,13637.01953,98
11875.6,1240.319946,193.419998,1345.9,65.71,6.3398,0.8106,0.713,2870.620117,26608.90039,85.23,7500.609863,13605.91016,264
11307.2,1173.180054,180.610001,1335.09,64.64,6.3477,0.8107,0.7154,2837.75,26256.99023,68.45,7433.649902,13458.54004,312
10381.6,1122.97998,166.860001,1338.02,64.82,6.3353,0.8073,0.7081,2839.26001,26338.0293,71.84,7453.990234,13443.25,261
10288.8,1155.579956,165.710007,1340.5,65.92,6.3097,0.8075,0.7063,2835.959961,26306.69922,49.78,7441.089844,13414.78027,240
9142.28,1027.660034,142,1345.39,65.5,6.3041,0.8058,0.7092,2808.919922,26061.78906,61.2,7364.430176,13294.34961,440
8364.84,857.820007,153.899994,1329.29,64.18,6.3097,0.8088,0.7166,2763.389893,25520.5293,145.79,7277.359863,13050.16016,727
7850.7,801.72998,147.259995,1339.06,63.48,6.301,0.8121,0.7228,2701.040039,24946.23047,92.59,7126.549805,12779.15039,676
8509.11,858.280029,159.110001,1325.86,61.91,6.2703,0.8165,0.7222,2727.669922,25293.96094,58.29,7170.339844,12866.58008,591
8558.77,844.859985,151.139999,1310.99,61.3,6.3449,0.8189,0.7224,2685.27002,24903.67969,89.29,7073.990234,12701.87988,724
8736.98,880.219971,164.240005,1315.78,59.2,6.3318,0.8195,0.7267,2638.669922,24382.14063,82.68,6917.009766,12484.61035,693
8985.92,874.849976,163.300003,1319.13,59.41,6.3328,0.8174,0.7248,2672.610107,24765.16016,80.89,7023.620117,12627.41016,594
8958.47,867.599976,162.190002,1322.15,59.33,6.3505,0.8141,0.723,2668.840088,24705.7207,104.55,7025.680176,12599.71973,572
9518.54,922.369995,217.419998,1330.6,60.7,6.3574,0.8146,0.7246,2702.100098,24925.94922,107.01,7152.049805,12761.42969,475
10234.8,947.530029,237.149994,1351,61.48,6.3482,0.8034,0.7148,2731.51001,25203.94922,88.63,7256.930176,12857.71973,463
10324.1,945.359985,234.830002,1353.71,61.89,6.3482,0.8069,0.7146,2754.419922,25432.41992,80.52,7303.259766,12961.12012,469
11958.5,958.859985,252.199997,1338.96,61.91,6.3482,0.8118,0.7179,2737.600098,25179.00977,80.15,7295.950195,12855.71973,504
11418.5,906.559998,231.699997,1325.23,61.73,6.3482,0.8144,0.7191,2747.75,25267.99023,95.81,7338.640137,12896.92969,505
11039.1,871.320007,221.440002,1321.35,62.72,6.3655,0.8157,0.7218,2731.26001,25156.7207,50.25,7280.930176,12828,485
10487.3,882.419983,215.839996,1326.36,63.52,6.3524,0.8144,0.7192,2747.76001,25313.91016,55.72,7337.830078,12885.12988,341
10475,880.119995,231.600006,1332.42,63.81,6.3281,0.8145,0.718,2780.639893,25732.80078,68.6,7421.850098,13005.50977,289
10878.5,894.919983,223.210007,1331.24,62.94,6.3172,0.8184,0.7217,2789.149902,25800.34961,52.64,7438.089844,13018.15039,442
11089.8,887.51001,223.610001,1315.13,61.43,6.3369,0.8206,0.7269,2761.52002,25576.15039,46.68,7386.799805,12873.84961,500
11052.3,880.210022,214.679993,1312.41,60.98,6.3602,0.8226,0.7293,2730.889893,25185.34961,69.3,7307.850098,12716.4502,575
11189,876.559998,213.419998,1314.59,61.19,6.3627,0.8163,0.727,2696.25,24592.46094,39.63,7267.189941,12576.55957,534
11704.1,868.799988,215.970001,1323.56,62.49,6.3496,0.8151,0.7264,2728.090088,24961,148.37,7350.069824,12710.57031,448
11500.1,851.039978,210.809998,1319.45,62.54,6.3479,0.8111,0.7238,2732.080078,24995.24023,133.87,7378.029785,12735.44043,437
10929.5,825.320007,199.470001,1332.37,61.09,6.3332,0.8075,0.7223,2730.600098,24849.67969,87.33,7403.790039,12724.83984,433
10147.4,772.51001,188.179993,1324.14,60.13,6.3423,0.8132,0.7257,2740.449951,24950.49023,57,7435.009766,12754.32031,408
9466.35,730.460022,189.979996,1316.11,62.02,6.3556,0.8148,0.7253,2786.570068,25336.33008,132.57,7560.810059,12918.82031,270
9937.5,739.869995,193.039993,1320.18,61.35,6.3352,0.8137,0.7225,2796.97998,25449.15039,107.4,7609.100098,12963.41992,281
9470.38,714.190002,181.940002,1318.88,60.69,6.3362,0.8121,0.7208,2801.899902,25376.40039,54.85,7637.27002,12963.08984,335
9355.85,703.380005,178.039993,1324.09,60.89,6.3261,0.8099,0.7181,2777.110107,25130.11914,79.61,7544.890137,12892.90039,373
8428.35,620.429993,167.809998,1323.14,61.16,6.3244,0.8129,0.7183,2763.030029,25053.86914,43.98,7525.439941,12813.59961,326
8585.15,626.130005,172.020004,1314.24,62.29,6.3377,0.8157,0.7201,2761.850098,25031,110.96,7514.209961,12821.86035,283
8675.87,559.070007,163.910004,1308.76,62.01,6.3397,0.8158,0.7188,2741.379883,24893.68945,74.64,7421.22998,12755.54981,452
9051.02,567,173.800003,1313.48,63.37,6.3343,0.8172,0.7151,2724.219971,24803.60938,79.32,7380.740234,12692.53027,424
9177.37,590.200012,175.410004,1310.8,65.1,6.3373,0.817,0.7145,2739.139893,24977.65039,55.83,7415.660156,12776.33008,434
9100.71,578.01001,172.529999,1328.67,64.25,6.3361,0.8141,0.7105,2695.679932,24526.00977,57.36,7303.189941,12597.09961,624
8879.62,543.840027,169.039993,1335.27,65.8,6.3382,0.8131,0.71,2657.669922,24108.4707,66.64,7194.310059,12449.03027,675
8530.08,491.920013,149.330002,1344.5,65.49,6.3208,0.8102,0.7077,2661.360107,24232.30078,89.77,7225.830078,12444.40039,569
8232.78,465.200012,139.789993,1350.48,65.21,6.2866,0.8084,0.711,2674.780029,24446.2207,22.48,7255.540039,12517.25977,642
8122.89,448.5,132.520004,1341.47,64.3,6.301,0.8132,0.7107,2632.649902,24092.4707,26.48,7036.089844,12399.23047,663
7994.33,411.170013,126.57,1323.5,64.87,6.3063,0.8142,0.7138,2659.070068,24314.30078,16.75,7120.459961,12512,623
7135.47,426.839996,137.399994,1327.64,63.05,6.2843,0.8143,0.7135,2638.300049,24123.80078,167.71,7044.709961,12441.84961,682
7530.94,417.109985,134.929993,1336.84,63.41,6.2915,0.8161,0.7133,2619.139893,24044.34961,88.73,6963.709961,12380.25,640
7469.88,387.559998,122.690002,1333.39,63.35,6.3098,0.8159,0.7136,2649.860107,24308.96094,52.9,7059.290039,12482.70996,618
6933.82,385.779999,120.470001,1327.01,63.53,6.3052,0.8185,0.7161,2672.080078,24622.25977,109.08,7112.379883,12605.08008,561
6857.49,397.100006,119.849998,1325.96,62.03,6.3052,0.8187,0.7152,2656.879883,24434.40039,70.62,7066.640137,12552.46973,644
7178.11,418.269989,115.459999,1329.02,63.4,6.3203,0.8156,0.7103,2653.550049,24373.17969,275.14,7074.950195,12532.84961,641
6872.41,433.440002,119.93,1332.26,65.48,6.3102,0.8128,0.7084,2665.449951,24511.34961,56.17,7117.97998,12601.25,598
6968.32,498.079987,130.910004,1339.45,66.81,6.2911,0.8099,0.7062,2661.429932,24366.57031,79.88,7128.540039,12580.98047,586
7899.23,528.950012,133.669998,1347.95,67.07,6.2942,0.8132,0.707,2674.719971,24592.11914,190.11,7166,12623.70996,538
8183.96,514.659973,129.759995,1336.42,67.35,6.2953,0.8126,0.7032,2680.26001,24646.44922,141.34,7183.620117,12640.87988,491
8371.15,522.070007,140.410004,1342.68,66.23,6.2874,0.8115,0.7029,2686.48999,24675.35938,65.26,7178.509766,12660.11035,412
8285.96,526.609985,141.679993,1343.57,66.5,6.287,0.8106,0.7002,2713.340088,24858.9707,65.55,7298.589844,12733.67969,302
8197.8,570.179993,147.720001,1342.13,68.44,6.2919,0.8103,0.7056,2717.48999,24832.53906,71.44,7319.580078,12774.37012,319
8298.69,622.140015,156.559998,1348.43,68.3,6.2831,0.8112,0.7107,2702.840088,24762.48047,46.61,7277.450195,12716.9502,360
8880.23,625.150024,157.080002,1340.24,68.26,6.2984,0.8164,0.7145,2693.939941,24678.07031,47.54,7222.990234,12680.87012,435
8958.55,711.640015,165.979996,1330.57,67.61,6.3174,0.8198,0.7181,2682.860107,24536.89063,66.91,7195.720215,12640.16016,413
9732.61,703.900024,164.880005,1323.25,67.66,6.3227,0.8209,0.7185,2683.550049,24579.93945,35.09,7171.669922,12675.92969,513
9745.32,665.969971,154.580002,1325.11,68,6.3299,0.8224,0.7183,2645.300049,24146.33984,108.69,7030.740234,12539.58984,517
9281.51,686.049988,153.679993,1320.8,68.18,6.3369,0.8268,0.7197,2676.47998,24402.46094,68.42,7143.939941,12621.16016,445
9375.47,693.469971,153.190002,1314.72,68.11,6.3472,0.8296,0.7274,2677.350098,24359.38086,25.82,7197.149902,12614.88965,391
9477.14,674.619995,148.720001,1318.39,68.56,6.3332,0.8289,0.7294,2682.870117,24498.23047,86.67,7169.799805,12641.92969,419
9255.88,690.859985,153.300003,1309.87,67.28,6.3332,0.8346,0.7359,2655.27002,24117.28906,101.87,7133.27002,12493.07031,378
9256.52,787.570007,164.020004,1305.92,67.91,6.3659,0.8378,0.7379,2660.870117,24185.51953,95.92,7169.459961,12521.65039,436
9798.33,804.630005,171.389999,1306,68.45,6.3712,0.8371,0.7387,2637.139893,23996.15039,57.16,7112.589844,12419.7002,425
9779.2,827.440002,182.990005,1309.37,69.71,6.3669,0.8397,0.7416,2670.929932,24333.34961,38.51,7228.259766,12527.92969,360
9665.85,775.380005,168.160004,1313.13,70.74,6.3693,0.8407,0.74,2683.350098,24479.44922,96.74,7291.740234,12567.7002,340
9462.75,759.909973,160.139999,1310.85,68.83,6.3708,0.8448,0.7418,2676.340088,24412.33984,100.02,7278.810059,12522.34961,325
9374.76,767.219971,160.720001,1307.9,71.16,6.3861,0.8458,0.7408,2701.27002,24586.48047,62.2,7344.799805,12652.11035,268
9396.04,735.969971,148.520004,1310.78,71.36,6.3742,0.8445,0.743,2726.110107,24794.99023,74.02,7414.149902,12748.57031,219
9052.96,690.880005,144.75,1317.99,70.69,6.3491,0.841,0.7408,2732.860107,24868.65039,78.27,7417.669922,12788.75,174
8881.12,738.530029,149.649994,1318,71.01,6.3438,0.8386,0.7388,2742.100098,24994.18945,127.21,7458.419922,12821.54004,158
8836.19,710.26001,140.979996,1310.11,71.34,6.3804,0.846,0.7436,2718.590088,24809.55078,42.73,7363.52002,12727.29004,257
8508.43,718.309998,141.5,1291.01,71.43,6.3804,0.8501,0.7434,2727.76001,24801.18945,50.06,7413.319824,12764.54981,203
8445.54,694.349976,137.580002,1288.65,71.47,6.3723,0.8492,0.7422,2731.959961,24839.49023,74.49,7425.390137,12787.12012,205
8274.12,716.859985,137.899994,1286.91,71.23,6.3817,0.8512,0.7433,2719.5,24774.9707,129.32,7381.160156,12740.26953,227
8557.52,698.460022,135.839996,1284.75,72.26,6.3947,0.8536,0.747,2739.189941,25086.49023,87.84,7431.830078,12814.7002,143
8423.25,649.590027,129.369995,1288.76,72.09,6.3793,0.8506,0.7456,2742.23999,25064.99023,92.17,7432.529785,12853.33008,166
8054.66,609,124.959999,1289.83,71.85,6.3913,0.8566,0.7516,2733.330078,24889.46094,171.23,7426.779785,12743.41992,119
7738.6,615.919983,124.32,1292.57,70.77,6.3972,0.8555,0.7497,2731.969971,24877.35938,48.9,7435.379883,12723.08984,30
7659.14,607.809998,122.440002,1300.64,67.92,6.3929,0.8589,0.7523,2727.360107,24824.2207,102.1,7452.850098,12652.29004,188
7526.42,585.22998,122.849998,1296.01,66.8,6.423,0.8689,0.7574,2710.669922,24635.17969,50.44,7435.129883,12543.69043,373
7573.77,585.919983,120.900002,1296.99,68.24,6.4345,0.8683,0.7552,2729.340088,24714.48047,135.21,7473.810059,12647.91992,249
7608.9,589.26001,120.529999,1300.61,66.98,6.4175,0.8591,0.7532,2722.5,24620.78906,77.32,7492.419922,12606.24023,274
7604.73,599.530029,124.419998,1296.44,65.81,6.4217,0.8607,0.7544,2736.929932,24673.59961,109.62,7557.379883,12635.11035,171
7753.82,612.98999,122.410004,1290.03,64.76,6.4279,0.8581,0.7522,2749.159912,24859.36914,80.79,7607.169922,12705.04981,121
7643.23,611.669983,122.669998,1289.43,65.51,6.4145,0.8582,0.7519,2752.610107,24838.7793,36.31,7644.47998,12677.9502,124
7680.43,616,123.559998,1294.86,64.75,6.4072,0.8539,0.7472,2772.389893,25146.46094,37.98,7691.649902,12778.51953,93
7741.27,607.77002,122.059998,1294.63,65.96,6.3987,0.8496,0.748,2779.899902,25326.08984,55.99,7697.410156,12826.88965,113
7698.19,609.109985,120.959999,1294.18,65.77,6.4149,0.8528,0.7489,2779.389893,25325.63086,112.51,7653.580078,12833.57031,91
6910.18,539.340027,107.919998,1295.85,66.1,6.4101,0.8509,0.7494,2790.209961,25402.83008,138.36,7677.290039,12888.98047,64
6907.96,501.670013,100.379997,1295.39,66.38,6.4123,0.8524,0.7495,2789.800049,25364.36914,235.59,7708.25,12877.23047,69
6631.66,526.640015,102.919998,1292.45,66.63,6.414,0.8528,0.7514,2791.469971,25362.07031,137.07,7748.959961,12859.00977,120
6707.14,521.179993,101.019997,1297.47,66.91,6.4048,0.8649,0.7543,2789.060059,25332.5,96.72,7768.600098,12823.80957,28
6681.08,503.279999,97.580002,1298.56,65.01,6.4394,0.8664,0.757,2782.810059,25130.82031,68.71,7755.720215,12746.57031,64
6781.14,547.940002,101.580002,1277.93,65.91,6.4394,0.8647,0.7561,2774.98999,25003.09961,79.32,7749.359863,12711.67969,78
6822.5,541.799988,98.949997,1279.22,65.09,6.4853,0.8673,0.7605,2765.050049,24763.58984,165.86,7727.410156,12708.62988,98
6821.56,544.679993,99.199997,1271.3,65.92,6.4812,0.8669,0.7606,2774.860107,24804.75977,222.05,7806.600098,12684.66016,118
6810.94,525.840027,96.800003,1263.54,65.68,6.5094,0.869,0.7633,2769.280029,24639.21094,71.67,7803.450195,12622.54004,240
6747.08,481.059998,86.949997,1265.77,69.02,6.5098,0.8622,0.7554,2764.169922,24663.17969,80.35,7739.709961,12677.7002,197
6327.37,461.179993,82.5,1265.93,69.91,6.5474,0.86,0.7565,2742.939941,24463.73047,63.53,7639.72998,12584.9502,389
6290.16,446.119995,81.82,1261.25,75.23,6.5818,0.8596,0.758,2732.909912,24384.21094,218.91,7597.490234,12544.78027,356
6180,443.51001,81.260002,1254.14,77.41,6.62,0.8667,0.7631,2746.090088,24569.01953,39.58,7610.669922,12594.45996,466
6170.41,441.869995,80.510002,1249.38,73.45,6.6335,0.8677,0.7663,2724.340088,24308.16016,89.28,7526.069824,12503.7002,411
6261.66,462.559998,84.339996,1246.94,74.13,6.6429,0.8652,0.7652,2743.26001,24509.51953,54.02,7573.589844,12607.38965,360
6683.86,486.76001,89.839996,1247.8,73.89,6.6681,0.8628,0.7638,2727.26001,24319.41992,80.26,7568.100098,12486.54004,308
6671.37,481.790009,89.040001,1238.72,74.19,6.7225,0.8607,0.7626,2736.580078,24444.88086,119.73,7594.330078,12576.82031,367
6749.54,475.670013,84.089996,1253,73.05,6.6478,0.8586,0.7574,2737.830078,24372.80078,80.07,7589.189941,12587.91992,344
6700.94,489.329987,85.389999,1252.87,73.78,6.6685,0.8563,0.7574,2764.409912,24520.28906,184.49,7695.810059,12684.34961,186
6838.68,473.059998,80.519997,1256.15,73.93,6.6444,0.8526,0.7581,2784.649902,24796.51953,110.48,7757.279785,12779.76953,73
6767.74,447.089996,80.93,1255.26,74.11,6.6353,0.8555,0.7562,2795.580078,24945.38086,81.98,7777.47998,12820.08008,100
6444.96,446.130005,78.32,1249.58,70.47,6.6832,0.8573,0.7577,2785.909912,24815.16016,40.76,7748.160156,12756.04004,164
6397.1,442.029999,78.589996,1240.94,70.28,6.7063,0.8585,0.7587,2799.219971,24939.9707,84.92,7825.669922,12771.98047,96
6310.55,439.630005,77.459999,1242.5,71.03,6.7054,0.8611,0.7632,2804.530029,25043.21094,74.75,7843.52002,12783.24023,68
6741.75,511.339996,90.089996,1240.54,68.22,6.7087,0.8566,0.7567,2801.189941,25072.41016,89.31,7838.819824,12766.17969,70
7387.24,515.140015,94.400002,1238.88,68.03,6.7081,0.8586,0.765,2814.189941,25155.39063,58.55,7867.149902,12797.58008,64
7534.99,483.790009,88.919998,1223.8,68.78,6.7233,0.862,0.7687,2816.76001,25215.32031,75.12,7863.77002,12825.69043,36
7494.46,469.019989,86.610001,1221.46,69.42,6.7881,0.864,0.7718,2812.050049,25154.16992,55.33,7849.850098,12815,92
7594.67,468.25,84.769997,1218.49,70.31,6.8155,0.8602,0.7696,2809.699951,25124.09961,132.11,7860.25,12807.98047,95
7771.5,484.179993,89.550003,1228.87,67.9,6.7965,0.856,0.7686,2808.610107,25081.44922,78.59,7846.759766,12803.16992,58
8424.27,484.440002,90.480003,1219.94,70.77,6.8248,0.8581,0.7651,2829.98999,25286.61914,77.37,7928.790039,12883.04981,65
8416.87,483.859985,87.800003,1223.08,71.13,6.8088,0.8573,0.7615,2848.030029,25432.86914,57.92,7933.310059,12940.26953,32
8290.33,473.690002,85.010002,1228.47,71.59,6.7958,0.8592,0.7631,2845.570068,25587.24023,104.65,7881.299805,12985.57031,82
8262.66,471.23999,84.639999,1220.79,68.66,6.8409,0.8606,0.7645,2843.169922,25580.2207,61.47,7889.75,12978.82031,102
8235.5,457.459991,82.419998,1218.61,71.19,6.8437,0.8586,0.7638,2821.73999,25500.16016,153.38,7740.259766,12961.90039,199
8181.53,435.630005,79.019997,1218.77,69.88,6.845,0.8558,0.7641,2824.459961,25490.98047,91.35,7709.490234,12989.45996,106
7769.04,424.480011,78.379997,1219.65,68.8,6.8369,0.8579,0.7637,2825.830078,25488.80078,57.71,7732.680176,12961.69043,109
7712.77,419.660004,77.790001,1215.97,68.95,6.8514,0.8636,0.7684,2829.909912,25360.48047,117.93,7808.850098,12904.75,54
7562.14,418.98999,78.029999,1204.9,68.49,6.8949,0.865,0.7709,2840.379883,25467.90039,87.73,7824.060059,12955.76953,10
7166.55,410.290009,75.040001,1211.97,69.01,6.8541,0.8673,0.7742,2853.290039,25540.01953,112.91,7859.680176,12985.48047,840
7146.56,380.359985,67.470001,1208.08,69.17,6.8658,0.8661,0.7739,2863.429932,25692.7207,72.24,7898.200195,13039.55957,846
6746.85,370.329987,65.059998,1210.33,66.92,6.8414,0.864,0.7782,2862.439941,25634.10938,56.98,7901.689941,13007.65039,841
6625.73,365.880005,63.209999,1211.22,66.81,6.8381,0.8677,0.78,2862.47998,25613.31055,69.96,7923.350098,13001.66992,9
6591.26,332.410004,60.080002,1208.29,67.61,6.8609,0.8781,0.7861,2842.199951,25401.18945,76.97,7866.189941,12878.03027,122
6537.05,284.029999,56.490002,1205.87,67.25,6.8914,0.88,0.7856,2843.399902,25381.39063,88.52,7888.660156,12853.16992,139
6287.94,304.720001,59.349998,1191.98,67.04,6.8972,0.8827,0.7873,2843.110107,25339.50977,55.18,7878.22998,12849.49023,85
6588.49,298.839996,57.630001,1186.73,65.07,6.9348,0.8851,0.7898,2827.949951,25235.36914,20.08,7832.660156,12752.5,207
6473.5,318.309998,61.830002,1169.47,65.44,6.9227,0.8822,0.7884,2850.48999,25607.33984,30.89,7849.669922,12875.41016,127
6582.5,321.170013,62.419998,1173.43,65.93,6.8967,0.8799,0.7876,2855.629883,25728.16016,62.36,7830.779785,12928.17969,79
6536.92,285.779999,56.779999,1182.96,66.5,6.8693,0.8777,0.7856,2859.76001,25790.16992,45.18,7837.140137,12973.55957,68
6500.87,299,59.200001,1191.29,67.32,6.8523,0.8712,0.7817,2873.22998,25888.82031,81.92,7897.680176,13032.25,61
6816.79,280.459991,57.880001,1192.76,67.85,6.849,0.8657,0.7772,2867.540039,25836.16016,38.52,7897.629883,13013.05957,49
6546.54,283.200012,58.349998,1189.32,69.13,6.8799,0.8673,0.7811,2868.780029,25762.56055,89.75,7926.319824,12988.20996,66
6719.96,282.920013,58.380001,1184.57,69.71,6.8947,0.867,0.7814,2876.159912,25826.05078,80.33,7949.709961,13011.69043,62
6884.64,297.820007,63.77,1203.26,69.97,6.8266,0.8626,0.7795,2898.25,26067.57031,108.44,8024.939941,13110.7002,11
7109.56,296.980011,63.380001,1207.56,68.54,6.8214,0.8576,0.7776,2903.77002,26122.24023,165.65,8046.310059,13130.49023,34
7113.3,290.880005,61.68,1200.36,69.68,6.8299,0.8582,0.7786,2916.5,26167.93945,92.96,8113.560059,13148.41992,36
7072.69,284.720001,62.720001,1201.7,70.25,6.8446,0.859,0.7703,2912.459961,26104.36914,90.46,8133.299805,13094.78027,111
7057.17,302.329987,67.879997,1200.48,69.84,6.8485,0.8633,0.7725,2906.320068,26028.83008,121.46,8119.819824,13037.08984,76
7388.26,287.540009,68.330002,1196.37,69.82,6.8453,0.8673,0.7808,2900.179932,25971.76953,74.36,8104.069824,12984.2002,75
7388.43,232.779999,57.799999,1190.5,68.69,6.8469,0.8663,0.7823,2894.209961,26011.2207,37.66,8077.839844,12977.09961,159
6755.14,234.149994,58.669998,1196.31,67.81,6.8424,0.8617,0.7755,2892.050049,26073.67969,68.5,8001.970215,12993.16016,200
6555.29,220.020004,57.240002,1198.6,67.73,6.8498,0.8659,0.7749,2883.810059,26002.99023,67.9,7962.529785,12939.91992,255
6374.98,199.119995,54.77,1191.76,67.55,6.8667,0.8677,0.7755,2886.929932,26039.96094,47.25,7945.029785,12994.83984,167
6398.92,185.149994,52.040001,1192.19,69.29,6.8791,0.8648,0.7712,2892.52002,26019.91992,49.37,7986.319824,12968.90039,105
6363.87,214.919998,55.259998,1192.54,70.37,6.8826,0.8643,0.7705,2894.649902,26145.7207,40.31,7965.390137,13017.46973,90
6535.41,223.979996,58.91,1202.69,68.6,6.8541,0.8616,0.7678,2906.76001,26191.64063,29.73,8037.509766,13055.33984,40
6596.1,227.669998,58.759998,1202.1,68.98,6.869,0.8609,0.766,2908.300049,26211.10938,36.1,8040.830078,13064.87988,48
6540.21,214.679993,55.419998,1192.7,68.86,6.8781,0.8607,0.7653,2904.649902,26184.4707,100.71,8002.779785,13073.95996,123
6384.18,215.339996,55.02,1195.93,69.87,6.8807,0.8583,0.7622,2911.169922,26317.33984,71.72,7986.100098,13112.37988,93
6448.46,228.889999,57.360001,1198.5,71.08,6.8676,0.8584,0.7636,2912.360107,26464.41016,74.06,7976.120117,13155.16992,39
6529.26,252.210007,62.73,1201.37,70.77,6.8583,0.8571,0.7614,2934.800049,26697.49023,54.24,8039.060059,13238.74023,41
6794.33,254.75,61.779999,1205.91,70.8,6.8604,0.8524,0.766,2940.909912,26769.16016,88.17,8057.259766,13261.76953,56
6603.64,222.619995,59.799999,1196.47,73.4,6.8842,0.8525,0.7637,2923.949951,26634.84961,55.65,8014.120117,13215.25977,92
6585.91,234.199997,65.610001,1198.29,72.22,6.8803,0.8528,0.7612,2931.149902,26606.08984,37.16,8067.029785,13203.98047,126
6712.1,234.059998,64.809998,1194.01,72.18,6.8933,0.8593,0.7649,2927.219971,26557.00977,22.95,8071.560059,13164.67969,111
6785.03,237.160004,62.259998,1181.16,73.16,6.8905,0.8644,0.7692,2920.530029,26515.75977,52.38,8065.060059,13121.34961,88
