day,month,year,EPU,Date
1,1,2015,137.22,01/01/15
2,1,2015,93.14,01/02/15
3,1,2015,79.59,01/03/15
4,1,2015,163.12,01/04/15
5,1,2015,90.66,01/05/15
6,1,2015,85.46,01/06/15
7,1,2015,57.14,01/07/15
8,1,2015,59.56,01/08/15
9,1,2015,44.45,01/09/15
10,1,2015,90.61,01/10/15
11,1,2015,110.37,01/11/15
12,1,2015,99.54,01/12/15
13,1,2015,68.71,01/13/15
14,1,2015,82.58,01/14/15
15,1,2015,88.27,01/15/15
16,1,2015,50.91,01/16/15
17,1,2015,78.8,01/17/15
18,1,2015,131.37,01/18/15
19,1,2015,72.54,01/19/15
20,1,2015,74.06,01/20/15
21,1,2015,43.82,01/21/15
22,1,2015,85.21,01/22/15
23,1,2015,82.9,01/23/15
24,1,2015,75.04,01/24/15
25,1,2015,87.69,01/25/15
26,1,2015,54.5,01/26/15
27,1,2015,55.58,01/27/15
28,1,2015,77.51,01/28/15
29,1,2015,32.14,01/29/15
30,1,2015,65.15,01/30/15
31,1,2015,82.5,01/31/15
1,2,2015,66.55,02/01/15
2,2,2015,79.45,02/02/15
3,2,2015,65.6,02/03/15
4,2,2015,67.26,02/04/15
5,2,2015,115.17,02/05/15
6,2,2015,59.12,02/06/15
7,2,2015,48.01,02/07/15
8,2,2015,75.83,02/08/15
9,2,2015,87.49,02/09/15
10,2,2015,83.73,02/10/15
11,2,2015,50.54,02/11/15
12,2,2015,26.96,02/12/15
13,2,2015,54.65,02/13/15
14,2,2015,56.6,02/14/15
15,2,2015,67.8,02/15/15
16,2,2015,37.41,02/16/15
17,2,2015,50.67,02/17/15
18,2,2015,37.15,02/18/15
19,2,2015,102.56,02/19/15
20,2,2015,35.63,02/20/15
21,2,2015,50.96,02/21/15
22,2,2015,62.23,02/22/15
23,2,2015,76.09,02/23/15
24,2,2015,128.86,02/24/15
25,2,2015,74.82,02/25/15
26,2,2015,74.61,02/26/15
27,2,2015,116.63,02/27/15
28,2,2015,70.02,02/28/15
1,3,2015,90.02,03/01/15
2,3,2015,91.47,03/02/15
3,3,2015,37.66,03/03/15
4,3,2015,89.94,03/04/15
5,3,2015,69.01,03/05/15
6,3,2015,47.16,03/06/15
7,3,2015,72.56,03/07/15
8,3,2015,70.57,03/08/15
9,3,2015,63.31,03/09/15
10,3,2015,85.17,03/10/15
11,3,2015,44.39,03/11/15
12,3,2015,33.9,03/12/15
13,3,2015,52.24,03/13/15
14,3,2015,39.04,03/14/15
15,3,2015,36.66,03/15/15
16,3,2015,53.97,03/16/15
17,3,2015,37.53,03/17/15
18,3,2015,78.2,03/18/15
19,3,2015,52.74,03/19/15
20,3,2015,56.33,03/20/15
21,3,2015,39.84,03/21/15
22,3,2015,67.02,03/22/15
23,3,2015,108.15,03/23/15
24,3,2015,34.47,03/24/15
25,3,2015,52.7,03/25/15
26,3,2015,46.77,03/26/15
27,3,2015,61.09,03/27/15
28,3,2015,68.89,03/28/15
29,3,2015,87.06,03/29/15
30,3,2015,74.41,03/30/15
31,3,2015,88.25,03/31/15
1,4,2015,85.27,04/01/15
2,4,2015,27.58,04/02/15
3,4,2015,69.18,04/03/15
4,4,2015,123.38,04/04/15
5,4,2015,106.94,04/05/15
6,4,2015,56.3,04/06/15
7,4,2015,77.07,04/07/15
8,4,2015,55.11,04/08/15
9,4,2015,43.26,04/09/15
10,4,2015,41.28,04/10/15
11,4,2015,55.3,04/11/15
12,4,2015,109.48,04/12/15
13,4,2015,77.54,04/13/15
14,4,2015,66.77,04/14/15
15,4,2015,310.25,04/15/15
16,4,2015,49.98,04/16/15
17,4,2015,43.72,04/17/15
18,4,2015,34.56,04/18/15
19,4,2015,58,04/19/15
20,4,2015,51.68,04/20/15
21,4,2015,46.55,04/21/15
22,4,2015,36.96,04/22/15
23,4,2015,33.57,04/23/15
24,4,2015,42.94,04/24/15
25,4,2015,56.49,04/25/15
26,4,2015,85.88,04/26/15
27,4,2015,35.03,04/27/15
28,4,2015,30.41,04/28/15
29,4,2015,30.76,04/29/15
30,4,2015,39.66,04/30/15
1,5,2015,37.85,05/01/15
2,5,2015,39.16,05/02/15
3,5,2015,40.51,05/03/15
4,5,2015,27.02,05/04/15
5,5,2015,30.59,05/05/15
6,5,2015,42.19,05/06/15
7,5,2015,79.16,05/07/15
8,5,2015,81.06,05/08/15
9,5,2015,80.04,05/09/15
10,5,2015,100.21,05/10/15
11,5,2015,106.86,05/11/15
12,5,2015,86.73,05/12/15
13,5,2015,86.1,05/13/15
14,5,2015,49.4,05/14/15
15,5,2015,65.4,05/15/15
16,5,2015,45.21,05/16/15
17,5,2015,78.72,05/17/15
18,5,2015,65.23,05/18/15
19,5,2015,45.51,05/19/15
20,5,2015,56.09,05/20/15
21,5,2015,58.45,05/21/15
22,5,2015,65.97,05/22/15
23,5,2015,108.5,05/23/15
24,5,2015,71.12,05/24/15
25,5,2015,41.75,05/25/15
26,5,2015,56.41,05/26/15
27,5,2015,49.51,05/27/15
28,5,2015,87.95,05/28/15
29,5,2015,39.59,05/29/15
30,5,2015,40.33,05/30/15
31,5,2015,86.03,05/31/15
1,6,2015,33.34,06/01/15
2,6,2015,71.05,06/02/15
3,6,2015,31.97,06/03/15
4,6,2015,80.34,06/04/15
5,6,2015,40.47,06/05/15
6,6,2015,63.25,06/06/15
7,6,2015,99.95,06/07/15
8,6,2015,150.67,06/08/15
9,6,2015,65.45,06/09/15
10,6,2015,34.96,06/10/15
11,6,2015,40.94,06/11/15
12,6,2015,47,06/12/15
13,6,2015,52,06/13/15
14,6,2015,62.35,06/14/15
15,6,2015,52.5,06/15/15
16,6,2015,40.37,06/16/15
17,6,2015,50.73,06/17/15
18,6,2015,78.79,06/18/15
19,6,2015,86.15,06/19/15
20,6,2015,139.47,06/20/15
21,6,2015,55.96,06/21/15
22,6,2015,64.15,06/22/15
23,6,2015,66.27,06/23/15
24,6,2015,27.52,06/24/15
25,6,2015,47.83,06/25/15
26,6,2015,79.86,06/26/15
27,6,2015,48.51,06/27/15
28,6,2015,98.41,06/28/15
29,6,2015,78.5,06/29/15
30,6,2015,122.02,06/30/15
1,7,2015,90.8,07/01/15
2,7,2015,44.58,07/02/15
3,7,2015,41.29,07/03/15
4,7,2015,69.18,07/04/15
5,7,2015,65.35,07/05/15
6,7,2015,100.06,07/06/15
7,7,2015,85.7,07/07/15
8,7,2015,62.4,07/08/15
9,7,2015,98.19,07/09/15
10,7,2015,94.87,07/10/15
11,7,2015,190.28,07/11/15
12,7,2015,90.6,07/12/15
13,7,2015,79.98,07/13/15
14,7,2015,68.09,07/14/15
15,7,2015,62.09,07/15/15
16,7,2015,72,07/16/15
17,7,2015,42.31,07/17/15
18,7,2015,66.8,07/18/15
19,7,2015,338.31,07/19/15
20,7,2015,46.59,07/20/15
21,7,2015,71.87,07/21/15
22,7,2015,43.42,07/22/15
23,7,2015,45,07/23/15
24,7,2015,60.12,07/24/15
25,7,2015,25.18,07/25/15
26,7,2015,56.04,07/26/15
27,7,2015,35.53,07/27/15
28,7,2015,38.06,07/28/15
29,7,2015,53.93,07/29/15
30,7,2015,35.73,07/30/15
31,7,2015,29.32,07/31/15
1,8,2015,39.77,08/01/15
2,8,2015,108.74,08/02/15
3,8,2015,88.27,08/03/15
4,8,2015,53.56,08/04/15
5,8,2015,43.76,08/05/15
6,8,2015,21.3,08/06/15
7,8,2015,3.32,08/07/15
8,8,2015,44.81,08/08/15
9,8,2015,82.77,08/09/15
10,8,2015,82.73,08/10/15
11,8,2015,65.65,08/11/15
12,8,2015,38.09,08/12/15
13,8,2015,35.58,08/13/15
14,8,2015,55.58,08/14/15
15,8,2015,76.16,08/15/15
16,8,2015,46.54,08/16/15
17,8,2015,26.3,08/17/15
18,8,2015,60.75,08/18/15
19,8,2015,83.7,08/19/15
20,8,2015,35.99,08/20/15
21,8,2015,80.21,08/21/15
22,8,2015,91.75,08/22/15
23,8,2015,80.18,08/23/15
24,8,2015,152.98,08/24/15
25,8,2015,177.02,08/25/15
26,8,2015,87.48,08/26/15
27,8,2015,61.26,08/27/15
28,8,2015,93.15,08/28/15
29,8,2015,164.55,08/29/15
30,8,2015,160.43,08/30/15
31,8,2015,113.96,08/31/15
1,9,2015,92.72,09/01/15
2,9,2015,93.82,09/02/15
3,9,2015,57.57,09/03/15
4,9,2015,144.81,09/04/15
5,9,2015,171,09/05/15
6,9,2015,98.96,09/06/15
7,9,2015,119.62,09/07/15
8,9,2015,69.15,09/08/15
9,9,2015,46.57,09/09/15
10,9,2015,67.06,09/10/15
11,9,2015,89.61,09/11/15
12,9,2015,99.3,09/12/15
13,9,2015,181.35,09/13/15
14,9,2015,88.46,09/14/15
15,9,2015,100.95,09/15/15
16,9,2015,67.49,09/16/15
17,9,2015,71.27,09/17/15
18,9,2015,77.99,09/18/15
19,9,2015,104.86,09/19/15
20,9,2015,88.42,09/20/15
21,9,2015,87.15,09/21/15
22,9,2015,87.71,09/22/15
23,9,2015,64.87,09/23/15
24,9,2015,41.42,09/24/15
25,9,2015,44.34,09/25/15
26,9,2015,87.87,09/26/15
27,9,2015,82.39,09/27/15
28,9,2015,41.68,09/28/15
29,9,2015,65.7,09/29/15
30,9,2015,77.75,09/30/15
1,10,2015,69.02,10/01/15
2,10,2015,64.84,10/02/15
3,10,2015,46.31,10/03/15
4,10,2015,87.51,10/04/15
5,10,2015,48.01,10/05/15
6,10,2015,110.95,10/06/15
7,10,2015,49.15,10/07/15
8,10,2015,26.35,10/08/15
9,10,2015,78.91,10/09/15
10,10,2015,111.14,10/10/15
11,10,2015,93.28,10/11/15
12,10,2015,112.89,10/12/15
13,10,2015,33.11,10/13/15
14,10,2015,59.36,10/14/15
15,10,2015,35.67,10/15/15
16,10,2015,51.22,10/16/15
17,10,2015,49.26,10/17/15
18,10,2015,66.3,10/18/15
19,10,2015,51.91,10/19/15
20,10,2015,27.87,10/20/15
21,10,2015,83.48,10/21/15
22,10,2015,52.71,10/22/15
23,10,2015,51.59,10/23/15
24,10,2015,87.13,10/24/15
25,10,2015,66.66,10/25/15
26,10,2015,75.05,10/26/15
27,10,2015,74.57,10/27/15
28,10,2015,112.28,10/28/15
29,10,2015,77.35,10/29/15
30,10,2015,38.41,10/30/15
31,10,2015,46.01,10/31/15
1,11,2015,93.34,11/01/15
2,11,2015,32.86,11/02/15
3,11,2015,72.75,11/03/15
4,11,2015,45.24,11/04/15
5,11,2015,33.09,11/05/15
6,11,2015,78.78,11/06/15
7,11,2015,102.94,11/07/15
8,11,2015,93.34,11/08/15
9,11,2015,60.61,11/09/15
10,11,2015,44.19,11/10/15
11,11,2015,44.92,11/11/15
12,11,2015,20.53,11/12/15
13,11,2015,33.65,11/13/15
14,11,2015,54.12,11/14/15
15,11,2015,87.14,11/15/15
16,11,2015,91.65,11/16/15
17,11,2015,63.48,11/17/15
18,11,2015,68.43,11/18/15
19,11,2015,43.31,11/19/15
20,11,2015,48.78,11/20/15
21,11,2015,26.01,11/21/15
22,11,2015,51.15,11/22/15
23,11,2015,13.92,11/23/15
24,11,2015,28.8,11/24/15
25,11,2015,20.42,11/25/15
26,11,2015,95.75,11/26/15
27,11,2015,45.15,11/27/15
28,11,2015,44.18,11/28/15
29,11,2015,64.8,11/29/15
30,11,2015,61.99,11/30/15
1,12,2015,48.27,12/01/15
2,12,2015,47.61,12/02/15
3,12,2015,38.7,12/03/15
4,12,2015,34.6,12/04/15
5,12,2015,44.67,12/05/15
6,12,2015,74.22,12/06/15
7,12,2015,50.85,12/07/15
8,12,2015,43.97,12/08/15
9,12,2015,57.21,12/09/15
10,12,2015,64.28,12/10/15
11,12,2015,110.78,12/11/15
12,12,2015,61.68,12/12/15
13,12,2015,89.96,12/13/15
14,12,2015,56.77,12/14/15
15,12,2015,78,12/15/15
16,12,2015,85.34,12/16/15
17,12,2015,100.26,12/17/15
18,12,2015,86.5,12/18/15
19,12,2015,63.29,12/19/15
20,12,2015,55.79,12/20/15
21,12,2015,79.05,12/21/15
22,12,2015,77.14,12/22/15
23,12,2015,75.23,12/23/15
24,12,2015,58.39,12/24/15
25,12,2015,64.23,12/25/15
26,12,2015,122.65,12/26/15
27,12,2015,118.36,12/27/15
28,12,2015,106.39,12/28/15
29,12,2015,59.15,12/29/15
30,12,2015,90.42,12/30/15
31,12,2015,59.74,12/31/15
1,1,2016,102.81,01/01/16
2,1,2016,71.43,01/02/16
3,1,2016,163.65,01/03/16
4,1,2016,106.94,01/04/16
5,1,2016,52.8,01/05/16
6,1,2016,30.4,01/06/16
7,1,2016,56.4,01/07/16
8,1,2016,62.21,01/08/16
9,1,2016,73.93,01/09/16
10,1,2016,115.76,01/10/16
11,1,2016,65.1,01/11/16
12,1,2016,67.32,01/12/16
13,1,2016,130.12,01/13/16
14,1,2016,72.92,01/14/16
15,1,2016,67.14,01/15/16
16,1,2016,137.85,01/16/16
17,1,2016,126.15,01/17/16
18,1,2016,71.03,01/18/16
19,1,2016,81.9,01/19/16
20,1,2016,70.19,01/20/16
21,1,2016,110.2,01/21/16
22,1,2016,68.43,01/22/16
23,1,2016,76.65,01/23/16
24,1,2016,62.13,01/24/16
25,1,2016,55.72,01/25/16
26,1,2016,78.09,01/26/16
27,1,2016,39.01,01/27/16
28,1,2016,59.62,01/28/16
29,1,2016,41.51,01/29/16
30,1,2016,79.82,01/30/16
31,1,2016,94.57,01/31/16
1,2,2016,183.2,02/01/16
2,2,2016,117.91,02/02/16
3,2,2016,73.51,02/03/16
4,2,2016,40.73,02/04/16
5,2,2016,41.41,02/05/16
6,2,2016,78.95,02/06/16
7,2,2016,60.29,02/07/16
8,2,2016,88.26,02/08/16
9,2,2016,38.4,02/09/16
10,2,2016,77.84,02/10/16
11,2,2016,106.25,02/11/16
12,2,2016,74.63,02/12/16
13,2,2016,45.01,02/13/16
14,2,2016,110.8,02/14/16
15,2,2016,67.33,02/15/16
16,2,2016,48.57,02/16/16
17,2,2016,108.64,02/17/16
18,2,2016,117.33,02/18/16
19,2,2016,85.85,02/19/16
20,2,2016,80.64,02/20/16
21,2,2016,78.42,02/21/16
22,2,2016,55.88,02/22/16
23,2,2016,57.33,02/23/16
24,2,2016,62.26,02/24/16
25,2,2016,57.5,02/25/16
26,2,2016,41.87,02/26/16
27,2,2016,126.51,02/27/16
28,2,2016,97.94,02/28/16
29,2,2016,65.74,02/29/16
1,3,2016,49.35,03/01/16
2,3,2016,41.64,03/02/16
3,3,2016,48.6,03/03/16
4,3,2016,46.74,03/04/16
5,3,2016,128.08,03/05/16
6,3,2016,112.51,03/06/16
7,3,2016,59.99,03/07/16
8,3,2016,77.42,03/08/16
9,3,2016,46.99,03/09/16
10,3,2016,30.22,03/10/16
11,3,2016,29.26,03/11/16
12,3,2016,68.49,03/12/16
13,3,2016,108.23,03/13/16
14,3,2016,54.04,03/14/16
15,3,2016,45.63,03/15/16
16,3,2016,48.66,03/16/16
17,3,2016,40.06,03/17/16
18,3,2016,58.48,03/18/16
19,3,2016,32.84,03/19/16
20,3,2016,73.89,03/20/16
21,3,2016,89.85,03/21/16
22,3,2016,55.17,03/22/16
23,3,2016,87.98,03/23/16
24,3,2016,50.15,03/24/16
25,3,2016,36.39,03/25/16
26,3,2016,61.36,03/26/16
27,3,2016,53.45,03/27/16
28,3,2016,105.86,03/28/16
29,3,2016,69.82,03/29/16
30,3,2016,124.96,03/30/16
31,3,2016,36.42,03/31/16
1,4,2016,30.46,04/01/16
2,4,2016,61.05,04/02/16
3,4,2016,100.09,04/03/16
4,4,2016,38.89,04/04/16
5,4,2016,25.71,04/05/16
6,4,2016,36.17,04/06/16
7,4,2016,28.9,04/07/16
8,4,2016,30.25,04/08/16
9,4,2016,19.81,04/09/16
10,4,2016,66.3,04/10/16
11,4,2016,101.11,04/11/16
12,4,2016,34.46,04/12/16
13,4,2016,37.74,04/13/16
14,4,2016,21.42,04/14/16
15,4,2016,52.17,04/15/16
16,4,2016,82.72,04/16/16
17,4,2016,127.3,04/17/16
18,4,2016,63.08,04/18/16
19,4,2016,20.66,04/19/16
20,4,2016,41.3,04/20/16
21,4,2016,34.27,04/21/16
22,4,2016,112.29,04/22/16
23,4,2016,77.26,04/23/16
24,4,2016,57.8,04/24/16
25,4,2016,59.83,04/25/16
26,4,2016,49.42,04/26/16
27,4,2016,42.37,04/27/16
28,4,2016,20.3,04/28/16
29,4,2016,54.91,04/29/16
30,4,2016,45.03,04/30/16
1,5,2016,61.59,05/01/16
2,5,2016,72.72,05/02/16
3,5,2016,45.4,05/03/16
4,5,2016,44.1,05/04/16
5,5,2016,34.04,05/05/16
6,5,2016,31.3,05/06/16
7,5,2016,46.71,05/07/16
8,5,2016,57.56,05/08/16
9,5,2016,59.73,05/09/16
10,5,2016,62.97,05/10/16
11,5,2016,54.4,05/11/16
12,5,2016,50.82,05/12/16
13,5,2016,59.77,05/13/16
14,5,2016,31.04,05/14/16
15,5,2016,99.03,05/15/16
16,5,2016,82.79,05/16/16
17,5,2016,51.62,05/17/16
18,5,2016,32.08,05/18/16
19,5,2016,58.53,05/19/16
20,5,2016,25.94,05/20/16
21,5,2016,54.62,05/21/16
22,5,2016,113.01,05/22/16
23,5,2016,141.68,05/23/16
24,5,2016,66.06,05/24/16
25,5,2016,51.51,05/25/16
26,5,2016,23.07,05/26/16
27,5,2016,19.22,05/27/16
28,5,2016,41.02,05/28/16
29,5,2016,54.25,05/29/16
30,5,2016,35.86,05/30/16
31,5,2016,48.19,05/31/16
1,6,2016,48.39,06/01/16
2,6,2016,44.41,06/02/16
3,6,2016,54.72,06/03/16
4,6,2016,130.56,06/04/16
5,6,2016,151.85,06/05/16
6,6,2016,136.57,06/06/16
7,6,2016,127.93,06/07/16
8,6,2016,46.41,06/08/16
9,6,2016,49.67,06/09/16
10,6,2016,70.69,06/10/16
11,6,2016,71.81,06/11/16
12,6,2016,64.97,06/12/16
13,6,2016,60.21,06/13/16
14,6,2016,83.69,06/14/16
15,6,2016,79.47,06/15/16
16,6,2016,109.07,06/16/16
17,6,2016,71.03,06/17/16
18,6,2016,91.09,06/18/16
19,6,2016,54.65,06/19/16
20,6,2016,94.78,06/20/16
21,6,2016,137.6,06/21/16
22,6,2016,146.78,06/22/16
23,6,2016,125.3,06/23/16
24,6,2016,312.85,06/24/16
25,6,2016,586.55,06/25/16
26,6,2016,322.73,06/26/16
27,6,2016,254.28,06/27/16
28,6,2016,238.67,06/28/16
29,6,2016,146.63,06/29/16
30,6,2016,96.08,06/30/16
1,7,2016,108.22,07/01/16
2,7,2016,114.48,07/02/16
3,7,2016,148.63,07/03/16
4,7,2016,84.51,07/04/16
5,7,2016,89.02,07/05/16
6,7,2016,185.04,07/06/16
7,7,2016,117.71,07/07/16
8,7,2016,105.65,07/08/16
9,7,2016,124.74,07/09/16
10,7,2016,209,07/10/16
11,7,2016,93.07,07/11/16
12,7,2016,113.92,07/12/16
13,7,2016,58.42,07/13/16
14,7,2016,53.11,07/14/16
15,7,2016,34.4,07/15/16
16,7,2016,88.55,07/16/16
17,7,2016,172.45,07/17/16
18,7,2016,112.79,07/18/16
19,7,2016,39.89,07/19/16
20,7,2016,45.87,07/20/16
21,7,2016,37.63,07/21/16
22,7,2016,59.24,07/22/16
23,7,2016,40.99,07/23/16
24,7,2016,76.34,07/24/16
25,7,2016,78.34,07/25/16
26,7,2016,56.4,07/26/16
27,7,2016,122.84,07/27/16
28,7,2016,76.37,07/28/16
29,7,2016,78.16,07/29/16
30,7,2016,91.53,07/30/16
31,7,2016,117.46,07/31/16
1,8,2016,74.99,08/01/16
2,8,2016,55.54,08/02/16
3,8,2016,38.55,08/03/16
4,8,2016,42.64,08/04/16
5,8,2016,89.43,08/05/16
6,8,2016,76.61,08/06/16
7,8,2016,60.56,08/07/16
8,8,2016,108.83,08/08/16
9,8,2016,61.67,08/09/16
10,8,2016,81.76,08/10/16
11,8,2016,43.24,08/11/16
12,8,2016,63,08/12/16
13,8,2016,55.14,08/13/16
14,8,2016,137.71,08/14/16
15,8,2016,91.36,08/15/16
16,8,2016,105.49,08/16/16
17,8,2016,83.6,08/17/16
18,8,2016,59.73,08/18/16
19,8,2016,56.17,08/19/16
20,8,2016,53.76,08/20/16
21,8,2016,44.8,08/21/16
22,8,2016,39.89,08/22/16
23,8,2016,40.46,08/23/16
24,8,2016,43.23,08/24/16
25,8,2016,83.01,08/25/16
26,8,2016,117.24,08/26/16
27,8,2016,139.2,08/27/16
28,8,2016,86.28,08/28/16
29,8,2016,87.44,08/29/16
30,8,2016,46.48,08/30/16
31,8,2016,45.98,08/31/16
1,9,2016,38.52,09/01/16
2,9,2016,40.85,09/02/16
3,9,2016,11.49,09/03/16
4,9,2016,75.51,09/04/16
5,9,2016,145.01,09/05/16
6,9,2016,30.28,09/06/16
7,9,2016,22.17,09/07/16
8,9,2016,27.04,09/08/16
9,9,2016,35.65,09/09/16
10,9,2016,33.11,09/10/16
11,9,2016,50.18,09/11/16
12,9,2016,39.54,09/12/16
13,9,2016,67.65,09/13/16
14,9,2016,28.87,09/14/16
15,9,2016,30.61,09/15/16
16,9,2016,44.18,09/16/16
17,9,2016,26.59,09/17/16
18,9,2016,97.8,09/18/16
19,9,2016,74.44,09/19/16
20,9,2016,58.92,09/20/16
21,9,2016,31.41,09/21/16
22,9,2016,64.81,09/22/16
23,9,2016,60.71,09/23/16
24,9,2016,106.95,09/24/16
25,9,2016,53.57,09/25/16
26,9,2016,30.74,09/26/16
27,9,2016,56.95,09/27/16
28,9,2016,38.39,09/28/16
29,9,2016,51.81,09/29/16
30,9,2016,34.93,09/30/16
1,10,2016,59.96,10/01/16
2,10,2016,102.52,10/02/16
3,10,2016,78.99,10/03/16
4,10,2016,48.13,10/04/16
5,10,2016,65.03,10/05/16
6,10,2016,58.51,10/06/16
7,10,2016,57.08,10/07/16
8,10,2016,64.33,10/08/16
9,10,2016,102.18,10/09/16
10,10,2016,15.2,10/10/16
11,10,2016,54.57,10/11/16
12,10,2016,59.38,10/12/16
13,10,2016,50.64,10/13/16
14,10,2016,80.62,10/14/16
15,10,2016,98.91,10/15/16
16,10,2016,98.05,10/16/16
17,10,2016,115.14,10/17/16
18,10,2016,45.55,10/18/16
19,10,2016,61.32,10/19/16
20,10,2016,48.77,10/20/16
21,10,2016,34.08,10/21/16
22,10,2016,41.54,10/22/16
23,10,2016,85.95,10/23/16
24,10,2016,58.65,10/24/16
25,10,2016,114.51,10/25/16
26,10,2016,40.45,10/26/16
27,10,2016,85.31,10/27/16
28,10,2016,74.06,10/28/16
29,10,2016,76.83,10/29/16
30,10,2016,80.76,10/30/16
31,10,2016,95.82,10/31/16
1,11,2016,44.68,11/01/16
2,11,2016,60.79,11/02/16
3,11,2016,63.05,11/03/16
4,11,2016,87.98,11/04/16
5,11,2016,107.72,11/05/16
6,11,2016,121.17,11/06/16
7,11,2016,74.75,11/07/16
8,11,2016,119.44,11/08/16
9,11,2016,246.03,11/09/16
10,11,2016,272.71,11/10/16
11,11,2016,140.42,11/11/16
12,11,2016,178.53,11/12/16
13,11,2016,339.37,11/13/16
14,11,2016,263.29,11/14/16
15,11,2016,161.83,11/15/16
16,11,2016,135.29,11/16/16
17,11,2016,111,11/17/16
18,11,2016,176.29,11/18/16
19,11,2016,117.88,11/19/16
20,11,2016,111.02,11/20/16
21,11,2016,94.21,11/21/16
22,11,2016,102.35,11/22/16
23,11,2016,84.27,11/23/16
24,11,2016,84.01,11/24/16
25,11,2016,90.3,11/25/16
26,11,2016,69.39,11/26/16
27,11,2016,95.7,11/27/16
28,11,2016,96.79,11/28/16
29,11,2016,56.24,11/29/16
30,11,2016,63.67,11/30/16
1,12,2016,167.88,12/01/16
2,12,2016,144.2,12/02/16
3,12,2016,152.48,12/03/16
4,12,2016,137.3,12/04/16
5,12,2016,113.93,12/05/16
6,12,2016,158.64,12/06/16
7,12,2016,162,12/07/16
8,12,2016,125.48,12/08/16
9,12,2016,97.26,12/09/16
10,12,2016,130.24,12/10/16
11,12,2016,125.68,12/11/16
12,12,2016,99.45,12/12/16
13,12,2016,336.71,12/13/16
14,12,2016,53.87,12/14/16
15,12,2016,232.94,12/15/16
16,12,2016,53.13,12/16/16
17,12,2016,61.8,12/17/16
18,12,2016,149.81,12/18/16
19,12,2016,91.47,12/19/16
20,12,2016,59.25,12/20/16
21,12,2016,37.37,12/21/16
22,12,2016,50.35,12/22/16
23,12,2016,35.7,12/23/16
24,12,2016,67.43,12/24/16
25,12,2016,187.34,12/25/16
26,12,2016,155.98,12/26/16
27,12,2016,108.11,12/27/16
28,12,2016,161.59,12/28/16
29,12,2016,116.01,12/29/16
30,12,2016,141.16,12/30/16
31,12,2016,127.18,12/31/16
1,1,2017,235.1,01/01/17
2,1,2017,242.04,01/02/17
3,1,2017,89.85,01/03/17
4,1,2017,101.99,01/04/17
5,1,2017,134.47,01/05/17
6,1,2017,96.97,01/06/17
7,1,2017,110.23,01/07/17
8,1,2017,272.01,01/08/17
9,1,2017,121.76,01/09/17
10,1,2017,121.9,01/10/17
11,1,2017,124.56,01/11/17
12,1,2017,113.32,01/12/17
13,1,2017,135.56,01/13/17
14,1,2017,111.9,01/14/17
15,1,2017,188.29,01/15/17
16,1,2017,114.17,01/16/17
17,1,2017,160.96,01/17/17
18,1,2017,135.59,01/18/17
19,1,2017,95.56,01/19/17
20,1,2017,141.55,01/20/17
21,1,2017,151.63,01/21/17
22,1,2017,185.71,01/22/17
23,1,2017,154.77,01/23/17
24,1,2017,136.15,01/24/17
25,1,2017,175.14,01/25/17
26,1,2017,89.25,01/26/17
27,1,2017,135.05,01/27/17
28,1,2017,152.15,01/28/17
29,1,2017,186.22,01/29/17
30,1,2017,115.06,01/30/17
31,1,2017,139.29,01/31/17
1,2,2017,158.28,02/01/17
2,2,2017,113.53,02/02/17
3,2,2017,131.28,02/03/17
4,2,2017,88.69,02/04/17
5,2,2017,211.26,02/05/17
6,2,2017,150.83,02/06/17
7,2,2017,121.82,02/07/17
8,2,2017,118.99,02/08/17
9,2,2017,74.34,02/09/17
10,2,2017,231.24,02/10/17
11,2,2017,57.47,02/11/17
12,2,2017,162.36,02/12/17
13,2,2017,77.85,02/13/17
14,2,2017,120.2,02/14/17
15,2,2017,130.16,02/15/17
16,2,2017,89.07,02/16/17
17,2,2017,143.29,02/17/17
18,2,2017,87.44,02/18/17
19,2,2017,123.54,02/19/17
20,2,2017,66.08,02/20/17
21,2,2017,87.54,02/21/17
22,2,2017,226.71,02/22/17
23,2,2017,84.74,02/23/17
24,2,2017,99,02/24/17
25,2,2017,35.04,02/25/17
26,2,2017,121.6,02/26/17
27,2,2017,117.37,02/27/17
28,2,2017,114.25,02/28/17
1,3,2017,111.9,03/01/17
2,3,2017,125.27,03/02/17
3,3,2017,88.91,03/03/17
4,3,2017,89.26,03/04/17
5,3,2017,128.58,03/05/17
6,3,2017,104.29,03/06/17
7,3,2017,71.17,03/07/17
8,3,2017,124.51,03/08/17
9,3,2017,95.37,03/09/17
10,3,2017,81.65,03/10/17
11,3,2017,107.41,03/11/17
12,3,2017,167.79,03/12/17
13,3,2017,56.5,03/13/17
14,3,2017,122.3,03/14/17
15,3,2017,159.48,03/15/17
16,3,2017,91.44,03/16/17
17,3,2017,152.01,03/17/17
18,3,2017,91.27,03/18/17
19,3,2017,153.52,03/19/17
20,3,2017,161.69,03/20/17
21,3,2017,184.47,03/21/17
22,3,2017,65.8,03/22/17
23,3,2017,48.67,03/23/17
24,3,2017,106.37,03/24/17
25,3,2017,103.58,03/25/17
26,3,2017,152.82,03/26/17
27,3,2017,83.12,03/27/17
28,3,2017,89.73,03/28/17
29,3,2017,66.64,03/29/17
30,3,2017,91.55,03/30/17
31,3,2017,221.37,03/31/17
1,4,2017,208.81,04/01/17
2,4,2017,164.7,04/02/17
3,4,2017,115.76,04/03/17
4,4,2017,103.95,04/04/17
5,4,2017,75.28,04/05/17
6,4,2017,82.38,04/06/17
7,4,2017,67.93,04/07/17
8,4,2017,81.5,04/08/17
9,4,2017,90.35,04/09/17
10,4,2017,118.06,04/10/17
11,4,2017,41.86,04/11/17
12,4,2017,79.49,04/12/17
13,4,2017,59.73,04/13/17
14,4,2017,116.71,04/14/17
15,4,2017,74.38,04/15/17
16,4,2017,119.43,04/16/17
17,4,2017,119.99,04/17/17
18,4,2017,71.39,04/18/17
19,4,2017,93.31,04/19/17
20,4,2017,55.86,04/20/17
21,4,2017,124.51,04/21/17
22,4,2017,106.1,04/22/17
23,4,2017,171.29,04/23/17
24,4,2017,144.04,04/24/17
25,4,2017,58.82,04/25/17
26,4,2017,70.4,04/26/17
27,4,2017,63.06,04/27/17
28,4,2017,62.79,04/28/17
29,4,2017,74.46,04/29/17
30,4,2017,224.35,04/30/17
1,5,2017,97.49,05/01/17
2,5,2017,89.58,05/02/17
3,5,2017,86.79,05/03/17
4,5,2017,184.47,05/04/17
5,5,2017,72.21,05/05/17
6,5,2017,107.43,05/06/17
7,5,2017,170.8,05/07/17
8,5,2017,113.15,05/08/17
9,5,2017,84.95,05/09/17
10,5,2017,67.32,05/10/17
11,5,2017,49.78,05/11/17
12,5,2017,129.4,05/12/17
13,5,2017,88.54,05/13/17
14,5,2017,59.2,05/14/17
15,5,2017,169.44,05/15/17
16,5,2017,118,05/16/17
17,5,2017,62.79,05/17/17
18,5,2017,89.48,05/18/17
19,5,2017,87.23,05/19/17
20,5,2017,54.92,05/20/17
21,5,2017,119.98,05/21/17
22,5,2017,83.62,05/22/17
23,5,2017,64.98,05/23/17
24,5,2017,76.1,05/24/17
25,5,2017,51.65,05/25/17
26,5,2017,62.91,05/26/17
27,5,2017,54.56,05/27/17
28,5,2017,96.91,05/28/17
29,5,2017,50.67,05/29/17
30,5,2017,45.36,05/30/17
31,5,2017,168.16,05/31/17
1,6,2017,100.04,06/01/17
2,6,2017,61.36,06/02/17
3,6,2017,91.58,06/03/17
4,6,2017,125.66,06/04/17
5,6,2017,274.58,06/05/17
6,6,2017,85.3,06/06/17
7,6,2017,46.07,06/07/17
8,6,2017,33.16,06/08/17
9,6,2017,65.8,06/09/17
10,6,2017,67.27,06/10/17
11,6,2017,149.93,06/11/17
12,6,2017,98.63,06/12/17
13,6,2017,144.57,06/13/17
14,6,2017,48.72,06/14/17
15,6,2017,67.05,06/15/17
16,6,2017,80.07,06/16/17
17,6,2017,91.38,06/17/17
18,6,2017,147.78,06/18/17
19,6,2017,75.3,06/19/17
20,6,2017,93.24,06/20/17
21,6,2017,90.96,06/21/17
22,6,2017,93.79,06/22/17
23,6,2017,135.04,06/23/17
24,6,2017,80.87,06/24/17
25,6,2017,92.98,06/25/17
26,6,2017,44.92,06/26/17
27,6,2017,93.1,06/27/17
28,6,2017,95.31,06/28/17
29,6,2017,65.45,06/29/17
30,6,2017,111.89,06/30/17
1,7,2017,129.61,07/01/17
2,7,2017,168.71,07/02/17
3,7,2017,101.66,07/03/17
4,7,2017,57.7,07/04/17
5,7,2017,57.04,07/05/17
6,7,2017,76.45,07/06/17
7,7,2017,160.41,07/07/17
8,7,2017,107.61,07/08/17
9,7,2017,120.39,07/09/17
10,7,2017,92.94,07/10/17
11,7,2017,85.23,07/11/17
12,7,2017,70.04,07/12/17
13,7,2017,73.54,07/13/17
14,7,2017,90.61,07/14/17
15,7,2017,49.96,07/15/17
16,7,2017,147.91,07/16/17
17,7,2017,92.6,07/17/17
18,7,2017,88.82,07/18/17
19,7,2017,51.42,07/19/17
20,7,2017,100.4,07/20/17
21,7,2017,73.36,07/21/17
22,7,2017,64.94,07/22/17
23,7,2017,134.15,07/23/17
24,7,2017,305.98,07/24/17
25,7,2017,162.68,07/25/17
26,7,2017,80.27,07/26/17
27,7,2017,40.48,07/27/17
28,7,2017,45.32,07/28/17
29,7,2017,74.67,07/29/17
30,7,2017,126.82,07/30/17
31,7,2017,80.96,07/31/17
1,8,2017,70.77,08/01/17
2,8,2017,57.38,08/02/17
3,8,2017,61,08/03/17
4,8,2017,63.9,08/04/17
5,8,2017,91.21,08/05/17
6,8,2017,94.98,08/06/17
7,8,2017,96.65,08/07/17
8,8,2017,56.87,08/08/17
9,8,2017,62.08,08/09/17
10,8,2017,66.59,08/10/17
11,8,2017,41.93,08/11/17
12,8,2017,134.54,08/12/17
13,8,2017,105.01,08/13/17
14,8,2017,88.94,08/14/17
15,8,2017,86.83,08/15/17
16,8,2017,47.71,08/16/17
17,8,2017,56.82,08/17/17
18,8,2017,60.34,08/18/17
19,8,2017,121.57,08/19/17
20,8,2017,89.23,08/20/17
21,8,2017,60.63,08/21/17
22,8,2017,74.28,08/22/17
23,8,2017,69.07,08/23/17
24,8,2017,42.9,08/24/17
25,8,2017,72.15,08/25/17
26,8,2017,49.31,08/26/17
27,8,2017,101.92,08/27/17
28,8,2017,80.49,08/28/17
29,8,2017,81.46,08/29/17
30,8,2017,42.02,08/30/17
31,8,2017,43.34,08/31/17
1,9,2017,57.53,09/01/17
2,9,2017,61.98,09/02/17
3,9,2017,102.58,09/03/17
4,9,2017,78.97,09/04/17
5,9,2017,142.33,09/05/17
6,9,2017,198.18,09/06/17
7,9,2017,88.44,09/07/17
8,9,2017,68.98,09/08/17
9,9,2017,71.97,09/09/17
10,9,2017,93.84,09/10/17
11,9,2017,94.13,09/11/17
12,9,2017,59.02,09/12/17
13,9,2017,71.31,09/13/17
14,9,2017,120.33,09/14/17
15,9,2017,72.36,09/15/17
16,9,2017,46.38,09/16/17
17,9,2017,121.57,09/17/17
18,9,2017,68.55,09/18/17
19,9,2017,58.25,09/19/17
20,9,2017,52.37,09/20/17
21,9,2017,55.35,09/21/17
22,9,2017,63.09,09/22/17
23,9,2017,77.2,09/23/17
24,9,2017,118.2,09/24/17
25,9,2017,105.42,09/25/17
26,9,2017,58.14,09/26/17
27,9,2017,63.54,09/27/17
28,9,2017,103.05,09/28/17
29,9,2017,107.61,09/29/17
30,9,2017,44.96,09/30/17
1,10,2017,67.15,10/01/17
2,10,2017,75.31,10/02/17
3,10,2017,52.47,10/03/17
4,10,2017,48.06,10/04/17
5,10,2017,40.99,10/05/17
6,10,2017,85.68,10/06/17
7,10,2017,35.77,10/07/17
8,10,2017,89.65,10/08/17
9,10,2017,42.94,10/09/17
10,10,2017,74.46,10/10/17
11,10,2017,60.44,10/11/17
12,10,2017,37.61,10/12/17
13,10,2017,63.88,10/13/17
14,10,2017,61.43,10/14/17
15,10,2017,65.84,10/15/17
16,10,2017,98.42,10/16/17
17,10,2017,49.38,10/17/17
18,10,2017,100.11,10/18/17
19,10,2017,82.48,10/19/17
20,10,2017,62.32,10/20/17
21,10,2017,59.05,10/21/17
22,10,2017,108.51,10/22/17
23,10,2017,136.2,10/23/17
24,10,2017,37.25,10/24/17
25,10,2017,60.11,10/25/17
26,10,2017,114.37,10/26/17
27,10,2017,87.39,10/27/17
28,10,2017,58.75,10/28/17
29,10,2017,105.5,10/29/17
30,10,2017,64.62,10/30/17
31,10,2017,50.39,10/31/17
1,11,2017,66.7,11/01/17
2,11,2017,85.31,11/02/17
3,11,2017,103.89,11/03/17
4,11,2017,63.24,11/04/17
5,11,2017,120.72,11/05/17
6,11,2017,92.35,11/06/17
7,11,2017,100.93,11/07/17
8,11,2017,67.48,11/08/17
9,11,2017,65.11,11/09/17
10,11,2017,56.77,11/10/17
11,11,2017,61.32,11/11/17
12,11,2017,170.54,11/12/17
13,11,2017,134.97,11/13/17
14,11,2017,107.88,11/14/17
15,11,2017,58.1,11/15/17
16,11,2017,83.79,11/16/17
17,11,2017,98.62,11/17/17
18,11,2017,52.98,11/18/17
19,11,2017,119.38,11/19/17
20,11,2017,79.5,11/20/17
21,11,2017,199.49,11/21/17
22,11,2017,52.93,11/22/17
23,11,2017,61.97,11/23/17
24,11,2017,34.88,11/24/17
25,11,2017,48.73,11/25/17
26,11,2017,105.07,11/26/17
27,11,2017,31.11,11/27/17
28,11,2017,206.63,11/28/17
29,11,2017,103.98,11/29/17
30,11,2017,101.48,11/30/17
1,12,2017,86.95,12/01/17
2,12,2017,93.82,12/02/17
3,12,2017,87.52,12/03/17
4,12,2017,101.07,12/04/17
5,12,2017,95.44,12/05/17
6,12,2017,57.79,12/06/17
7,12,2017,40.69,12/07/17
8,12,2017,63.52,12/08/17
9,12,2017,129.89,12/09/17
10,12,2017,87.45,12/10/17
11,12,2017,81.46,12/11/17
12,12,2017,66.43,12/12/17
13,12,2017,52.01,12/13/17
14,12,2017,32.59,12/14/17
15,12,2017,104.84,12/15/17
16,12,2017,95.65,12/16/17
17,12,2017,141.38,12/17/17
18,12,2017,94.77,12/18/17
19,12,2017,82.4,12/19/17
20,12,2017,57.2,12/20/17
21,12,2017,92.94,12/21/17
22,12,2017,72.69,12/22/17
23,12,2017,133.94,12/23/17
24,12,2017,158.85,12/24/17
25,12,2017,101.81,12/25/17
26,12,2017,106.31,12/26/17
27,12,2017,58.44,12/27/17
28,12,2017,63.24,12/28/17
29,12,2017,146.43,12/29/17
30,12,2017,45.33,12/30/17
31,12,2017,174.9,12/31/17
1,1,2018,178.3,01/01/18
2,1,2018,111.2,01/02/18
3,1,2018,52.45,01/03/18
4,1,2018,243.48,01/04/18
5,1,2018,108.68,01/05/18
6,1,2018,83.81,01/06/18
7,1,2018,164.82,01/07/18
8,1,2018,77.28,01/08/18
9,1,2018,157.58,01/09/18
10,1,2018,89.18,01/10/18
11,1,2018,111.72,01/11/18
12,1,2018,107.69,01/12/18
13,1,2018,171.33,01/13/18
14,1,2018,176.99,01/14/18
15,1,2018,272.42,01/15/18
16,1,2018,61.57,01/16/18
17,1,2018,61.83,01/17/18
18,1,2018,115.86,01/18/18
19,1,2018,88.34,01/19/18
20,1,2018,85.4,01/20/18
21,1,2018,132.01,01/21/18
22,1,2018,110.72,01/22/18
23,1,2018,74.52,01/23/18
24,1,2018,93.27,01/24/18
25,1,2018,77.97,01/25/18
26,1,2018,110,01/26/18
27,1,2018,109.21,01/27/18
28,1,2018,105.65,01/28/18
29,1,2018,85.23,01/29/18
30,1,2018,68.45,01/30/18
31,1,2018,71.84,01/31/18
1,2,2018,49.78,02/01/18
2,2,2018,61.2,02/02/18
3,2,2018,44,02/03/18
4,2,2018,145.1,02/04/18
5,2,2018,145.79,02/05/18
6,2,2018,92.59,02/06/18
7,2,2018,58.29,02/07/18
8,2,2018,89.29,02/08/18
9,2,2018,82.68,02/09/18
10,2,2018,138.06,02/10/18
11,2,2018,145.19,02/11/18
12,2,2018,80.89,02/12/18
13,2,2018,104.55,02/13/18
14,2,2018,107.01,02/14/18
15,2,2018,88.63,02/15/18
16,2,2018,80.52,02/16/18
17,2,2018,63.93,02/17/18
18,2,2018,103.24,02/18/18
19,2,2018,53.44,02/19/18
20,2,2018,80.15,02/20/18
21,2,2018,95.81,02/21/18
22,2,2018,50.25,02/22/18
23,2,2018,55.72,02/23/18
24,2,2018,42.18,02/24/18
25,2,2018,126.87,02/25/18
26,2,2018,68.6,02/26/18
27,2,2018,52.64,02/27/18
28,2,2018,46.68,02/28/18
1,3,2018,69.3,03/01/18
2,3,2018,39.63,03/02/18
3,3,2018,34.62,03/03/18
4,3,2018,98.68,03/04/18
5,3,2018,148.37,03/05/18
6,3,2018,133.87,03/06/18
7,3,2018,87.33,03/07/18
8,3,2018,57,03/08/18
9,3,2018,132.57,03/09/18
10,3,2018,67.61,03/10/18
11,3,2018,170.78,03/11/18
12,3,2018,107.4,03/12/18
13,3,2018,54.85,03/13/18
14,3,2018,79.61,03/14/18
15,3,2018,43.98,03/15/18
16,3,2018,110.96,03/16/18
17,3,2018,132.51,03/17/18
18,3,2018,83.03,03/18/18
19,3,2018,74.64,03/19/18
20,3,2018,79.32,03/20/18
21,3,2018,55.83,03/21/18
22,3,2018,57.36,03/22/18
23,3,2018,66.64,03/23/18
24,3,2018,53.2,03/24/18
25,3,2018,61.37,03/25/18
26,3,2018,89.77,03/26/18
27,3,2018,22.48,03/27/18
28,3,2018,26.48,03/28/18
29,3,2018,16.75,03/29/18
30,3,2018,44.07,03/30/18
31,3,2018,67.64,03/31/18
1,4,2018,111.65,04/01/18
2,4,2018,167.71,04/02/18
3,4,2018,88.73,04/03/18
4,4,2018,52.9,04/04/18
5,4,2018,109.08,04/05/18
6,4,2018,70.62,04/06/18
7,4,2018,106.96,04/07/18
8,4,2018,151.12,04/08/18
9,4,2018,275.14,04/09/18
10,4,2018,56.17,04/10/18
11,4,2018,79.88,04/11/18
12,4,2018,190.11,04/12/18
13,4,2018,141.34,04/13/18
14,4,2018,71.29,04/14/18
15,4,2018,84.7,04/15/18
16,4,2018,65.26,04/16/18
17,4,2018,65.55,04/17/18
18,4,2018,71.44,04/18/18
19,4,2018,46.61,04/19/18
20,4,2018,47.54,04/20/18
21,4,2018,19.59,04/21/18
22,4,2018,70.06,04/22/18
23,4,2018,66.91,04/23/18
24,4,2018,35.09,04/24/18
25,4,2018,108.69,04/25/18
26,4,2018,68.42,04/26/18
27,4,2018,25.82,04/27/18
28,4,2018,57.83,04/28/18
29,4,2018,65,04/29/18
30,4,2018,86.67,04/30/18
1,5,2018,101.87,05/01/18
2,5,2018,95.92,05/02/18
3,5,2018,57.16,05/03/18
4,5,2018,38.51,05/04/18
5,5,2018,175.19,05/05/18
6,5,2018,122.37,05/06/18
7,5,2018,96.74,05/07/18
8,5,2018,100.02,05/08/18
9,5,2018,62.2,05/09/18
10,5,2018,74.02,05/10/18
11,5,2018,78.27,05/11/18
12,5,2018,115.07,05/12/18
13,5,2018,71.37,05/13/18
14,5,2018,127.21,05/14/18
15,5,2018,42.73,05/15/18
16,5,2018,50.06,05/16/18
17,5,2018,74.49,05/17/18
18,5,2018,129.32,05/18/18
19,5,2018,118.29,05/19/18
20,5,2018,57.04,05/20/18
21,5,2018,87.84,05/21/18
22,5,2018,92.17,05/22/18
23,5,2018,171.23,05/23/18
24,5,2018,48.9,05/24/18
25,5,2018,102.1,05/25/18
26,5,2018,45.88,05/26/18
27,5,2018,75.5,05/27/18
28,5,2018,49.45,05/28/18
29,5,2018,50.44,05/29/18
30,5,2018,135.21,05/30/18
31,5,2018,77.32,05/31/18
1,6,2018,109.62,06/01/18
2,6,2018,110.85,06/02/18
3,6,2018,56.64,06/03/18
4,6,2018,80.79,06/04/18
5,6,2018,36.31,06/05/18
6,6,2018,37.98,06/06/18
7,6,2018,55.99,06/07/18
8,6,2018,112.51,06/08/18
9,6,2018,152.77,06/09/18
10,6,2018,170.95,06/10/18
11,6,2018,138.36,06/11/18
12,6,2018,235.59,06/12/18
13,6,2018,137.07,06/13/18
14,6,2018,96.72,06/14/18
15,6,2018,68.71,06/15/18
16,6,2018,82.17,06/16/18
17,6,2018,105.3,06/17/18
18,6,2018,79.32,06/18/18
19,6,2018,165.86,06/19/18
20,6,2018,222.05,06/20/18
21,6,2018,71.67,06/21/18
22,6,2018,80.35,06/22/18
23,6,2018,40.76,06/23/18
24,6,2018,85.36,06/24/18
25,6,2018,63.53,06/25/18
26,6,2018,218.91,06/26/18
27,6,2018,39.58,06/27/18
28,6,2018,89.28,06/28/18
29,6,2018,54.02,06/29/18
30,6,2018,114.66,06/30/18
1,7,2018,136.2,07/01/18
2,7,2018,80.26,07/02/18
3,7,2018,119.73,07/03/18
4,7,2018,87.2,07/04/18
5,7,2018,80.07,07/05/18
6,7,2018,184.49,07/06/18
7,7,2018,121.36,07/07/18
8,7,2018,164.84,07/08/18
9,7,2018,110.48,07/09/18
10,7,2018,81.98,07/10/18
11,7,2018,40.76,07/11/18
12,7,2018,84.92,07/12/18
13,7,2018,74.75,07/13/18
14,7,2018,54.33,07/14/18
15,7,2018,146.72,07/15/18
16,7,2018,89.31,07/16/18
17,7,2018,58.55,07/17/18
18,7,2018,75.12,07/18/18
19,7,2018,55.33,07/19/18
20,7,2018,132.11,07/20/18
21,7,2018,108.3,07/21/18
22,7,2018,156.61,07/22/18
23,7,2018,78.59,07/23/18
24,7,2018,77.37,07/24/18
25,7,2018,57.92,07/25/18
26,7,2018,104.65,07/26/18
27,7,2018,61.47,07/27/18
28,7,2018,99.78,07/28/18
29,7,2018,117.4,07/29/18
30,7,2018,153.38,07/30/18
31,7,2018,91.35,07/31/18
1,8,2018,57.71,08/01/18
2,8,2018,117.93,08/02/18
3,8,2018,87.73,08/03/18
4,8,2018,107.88,08/04/18
5,8,2018,141.99,08/05/18
6,8,2018,112.91,08/06/18
7,8,2018,72.24,08/07/18
8,8,2018,56.98,08/08/18
9,8,2018,69.96,08/09/18
10,8,2018,76.97,08/10/18
11,8,2018,44.22,08/11/18
12,8,2018,109.73,08/12/18
13,8,2018,88.52,08/13/18
14,8,2018,55.18,08/14/18
15,8,2018,20.08,08/15/18
16,8,2018,30.89,08/16/18
17,8,2018,62.36,08/17/18
18,8,2018,96.63,08/18/18
19,8,2018,96.59,08/19/18
20,8,2018,45.18,08/20/18
21,8,2018,81.92,08/21/18
22,8,2018,38.52,08/22/18
23,8,2018,89.75,08/23/18
24,8,2018,80.33,08/24/18
25,8,2018,139.94,08/25/18
26,8,2018,96.04,08/26/18
27,8,2018,108.44,08/27/18
28,8,2018,165.65,08/28/18
29,8,2018,92.96,08/29/18
30,8,2018,90.46,08/30/18
31,8,2018,121.46,08/31/18
1,9,2018,46.12,09/01/18
2,9,2018,98.8,09/02/18
3,9,2018,115.11,09/03/18
4,9,2018,74.36,09/04/18
5,9,2018,37.66,09/05/18
6,9,2018,68.5,09/06/18
7,9,2018,67.9,09/07/18
8,9,2018,89.41,09/08/18
9,9,2018,92.74,09/09/18
10,9,2018,47.25,09/10/18
11,9,2018,49.37,09/11/18
12,9,2018,40.31,09/12/18
13,9,2018,29.73,09/13/18
14,9,2018,36.1,09/14/18
15,9,2018,62.01,09/15/18
16,9,2018,103.72,09/16/18
17,9,2018,100.71,09/17/18
18,9,2018,71.72,09/18/18
19,9,2018,74.06,09/19/18
20,9,2018,54.24,09/20/18
21,9,2018,88.17,09/21/18
22,9,2018,74.22,09/22/18
23,9,2018,124.25,09/23/18
24,9,2018,89.13,09/24/18
25,9,2018,55.65,09/25/18
26,9,2018,37.16,09/26/18
27,9,2018,22.95,09/27/18
28,9,2018,52.38,09/28/18
29,9,2018,33.38,09/29/18
30,9,2018,83.77,09/30/18
1,10,2018,166.69,10/01/18
2,10,2018,130.93,10/02/18
3,10,2018,107.49,10/03/18
4,10,2018,119.36,10/04/18
5,10,2018,66.64,10/05/18
6,10,2018,66.47,10/06/18
7,10,2018,197.77,10/07/18
8,10,2018,112.49,10/08/18
9,10,2018,31.39,10/09/18
10,10,2018,58.99,10/10/18
11,10,2018,68.38,10/11/18
12,10,2018,103.11,10/12/18
13,10,2018,70.22,10/13/18
14,10,2018,92.58,10/14/18
15,10,2018,85.8,10/15/18
16,10,2018,109.71,10/16/18
17,10,2018,77.94,10/17/18
18,10,2018,100.13,10/18/18
19,10,2018,70.3,10/19/18
20,10,2018,61.88,10/20/18
21,10,2018,118.94,10/21/18
22,10,2018,89.49,10/22/18
23,10,2018,52.04,10/23/18
24,10,2018,73.6,10/24/18
25,10,2018,89.53,10/25/18
26,10,2018,65.53,10/26/18
27,10,2018,79.2,10/27/18
28,10,2018,136.61,10/28/18
29,10,2018,64.23,10/29/18
30,10,2018,51.28,10/30/18
31,10,2018,79.07,10/31/18
1,11,2018,84.17,11/01/18
2,11,2018,82.99,11/02/18
3,11,2018,77.39,11/03/18
4,11,2018,223.53,11/04/18
5,11,2018,90.47,11/05/18
6,11,2018,148.95,11/06/18
7,11,2018,61.17,11/07/18
8,11,2018,51.63,11/08/18
9,11,2018,41.01,11/09/18
10,11,2018,54.44,11/10/18
11,11,2018,64.34,11/11/18
12,11,2018,42.33,11/12/18
13,11,2018,64.87,11/13/18
14,11,2018,53.94,11/14/18
15,11,2018,55.04,11/15/18
16,11,2018,30.47,11/16/18
17,11,2018,34.95,11/17/18
18,11,2018,90.25,11/18/18
19,11,2018,10.92,11/19/18
20,11,2018,29.26,11/20/18
21,11,2018,46.86,11/21/18
22,11,2018,21.81,11/22/18
23,11,2018,24.17,11/23/18
24,11,2018,49.06,11/24/18
25,11,2018,168.06,11/25/18
26,11,2018,168.44,11/26/18
27,11,2018,93.08,11/27/18
28,11,2018,100.92,11/28/18
29,11,2018,183.21,11/29/18
30,11,2018,136.43,11/30/18
1,12,2018,142.31,12/01/18
2,12,2018,167.46,12/02/18
3,12,2018,158.49,12/03/18
4,12,2018,109.29,12/04/18
5,12,2018,83.26,12/05/18
6,12,2018,110.19,12/06/18
7,12,2018,101.45,12/07/18
8,12,2018,123.21,12/08/18
9,12,2018,130.49,12/09/18
10,12,2018,71.08,12/10/18
11,12,2018,88.44,12/11/18
12,12,2018,57.97,12/12/18
13,12,2018,121.67,12/13/18
14,12,2018,86.56,12/14/18
15,12,2018,90.26,12/15/18
16,12,2018,186.66,12/16/18
17,12,2018,101.75,12/17/18
18,12,2018,103.24,12/18/18
19,12,2018,114.17,12/19/18
20,12,2018,79.38,12/20/18
21,12,2018,144.91,12/21/18
22,12,2018,10.92,12/22/18
23,12,2018,261.36,12/23/18
24,12,2018,141.79,12/24/18
25,12,2018,171.11,12/25/18
26,12,2018,198.19,12/26/18
27,12,2018,161.1,12/27/18
28,12,2018,156.65,12/28/18
29,12,2018,116.81,12/29/18
30,12,2018,213.53,12/30/18
31,12,2018,149.82,12/31/18
1,1,2019,204.03,01/01/19
2,1,2019,146.97,01/02/19
3,1,2019,212.58,01/03/19
4,1,2019,153.15,01/04/19
5,1,2019,4.7,01/05/19
6,1,2019,230.39,01/06/19
7,1,2019,148.61,01/07/19
8,1,2019,259.25,01/08/19
9,1,2019,120.42,01/09/19
10,1,2019,148.84,01/10/19
11,1,2019,170.68,01/11/19
12,1,2019,175.61,01/12/19
13,1,2019,120.96,01/13/19
14,1,2019,223.58,01/14/19
15,1,2019,104.39,01/15/19
16,1,2019,173.46,01/16/19
17,1,2019,168.92,01/17/19
18,1,2019,154.17,01/18/19
19,1,2019,109,01/19/19
20,1,2019,178.48,01/20/19
21,1,2019,216.29,01/21/19
22,1,2019,107.95,01/22/19
23,1,2019,88.26,01/23/19
24,1,2019,106.06,01/24/19
25,1,2019,105.17,01/25/19
26,1,2019,107.16,01/26/19
27,1,2019,218.94,01/27/19
28,1,2019,73.71,01/28/19
29,1,2019,62.53,01/29/19
30,1,2019,123.71,01/30/19
31,1,2019,126.24,01/31/19
1,2,2019,95.81,02/01/19
2,2,2019,82.06,02/02/19
3,2,2019,134.38,02/03/19
4,2,2019,216.31,02/04/19
5,2,2019,87.75,02/05/19
6,2,2019,145.25,02/06/19
7,2,2019,93.79,02/07/19
8,2,2019,76.81,02/08/19
9,2,2019,49.63,02/09/19
10,2,2019,95.37,02/10/19
11,2,2019,59.53,02/11/19
12,2,2019,45.91,02/12/19
13,2,2019,93.01,02/13/19
14,2,2019,35.99,02/14/19
15,2,2019,55.54,02/15/19
16,2,2019,27.08,02/16/19
17,2,2019,10.92,02/17/19
18,2,2019,57.35,02/18/19
19,2,2019,79.79,02/19/19
20,2,2019,65.36,02/20/19
21,2,2019,87.44,02/21/19
22,2,2019,115.34,02/22/19
23,2,2019,93.12,02/23/19
24,2,2019,4.05,02/24/19
25,2,2019,84.03,02/25/19
26,2,2019,68.54,02/26/19
27,2,2019,128.81,02/27/19
28,2,2019,125.24,02/28/19
1,3,2019,110.76,03/01/19
2,3,2019,118.68,03/02/19
3,3,2019,101.11,03/03/19
4,3,2019,71.01,03/04/19
5,3,2019,138.38,03/05/19
6,3,2019,78.64,03/06/19
7,3,2019,138.86,03/07/19
8,3,2019,81.81,03/08/19
9,3,2019,67.73,03/09/19
10,3,2019,138.96,03/10/19
11,3,2019,161.35,03/11/19
12,3,2019,93.23,03/12/19
13,3,2019,81.38,03/13/19
14,3,2019,56.33,03/14/19
15,3,2019,66.48,03/15/19
16,3,2019,65.37,03/16/19
17,3,2019,101.36,03/17/19
18,3,2019,77.23,03/18/19
19,3,2019,82.83,03/19/19
20,3,2019,75.89,03/20/19
21,3,2019,91.17,03/21/19
22,3,2019,83.99,03/22/19
23,3,2019,102.4,03/23/19
24,3,2019,127.53,03/24/19
25,3,2019,69.27,03/25/19
26,3,2019,78.28,03/26/19
27,3,2019,92.66,03/27/19
28,3,2019,53.74,03/28/19
29,3,2019,91.25,03/29/19
30,3,2019,101.92,03/30/19
31,3,2019,134.75,03/31/19
1,4,2019,117.34,04/01/19
2,4,2019,130.56,04/02/19
3,4,2019,81.95,04/03/19
4,4,2019,82.78,04/04/19
5,4,2019,50.15,04/05/19
6,4,2019,108.22,04/06/19
7,4,2019,127.54,04/07/19
8,4,2019,58.07,04/08/19
9,4,2019,60.19,04/09/19
10,4,2019,71.78,04/10/19
11,4,2019,54.57,04/11/19
12,4,2019,75.79,04/12/19
13,4,2019,66.73,04/13/19
14,4,2019,161.23,04/14/19
15,4,2019,76.25,04/15/19
16,4,2019,58.1,04/16/19
17,4,2019,63.24,04/17/19
18,4,2019,56.96,04/18/19
19,4,2019,48.34,04/19/19
20,4,2019,52.37,04/20/19
21,4,2019,83.39,04/21/19
22,4,2019,78.68,04/22/19
23,4,2019,56.96,04/23/19
24,4,2019,60.14,04/24/19
25,4,2019,76.31,04/25/19
26,4,2019,67.89,04/26/19
27,4,2019,56.25,04/27/19
28,4,2019,107.52,04/28/19
29,4,2019,97.53,04/29/19
30,4,2019,75.34,04/30/19
1,5,2019,112.75,05/01/19
2,5,2019,30.2,05/02/19
3,5,2019,57.65,05/03/19
4,5,2019,71.39,05/04/19
5,5,2019,98.38,05/05/19
6,5,2019,93.78,05/06/19
7,5,2019,111.09,05/07/19
8,5,2019,101.81,05/08/19
9,5,2019,67.46,05/09/19
10,5,2019,108.12,05/10/19
11,5,2019,46.84,05/11/19
12,5,2019,155.26,05/12/19
13,5,2019,94.65,05/13/19
14,5,2019,126.65,05/14/19
15,5,2019,132.3,05/15/19
16,5,2019,94.72,05/16/19
17,5,2019,117.89,05/17/19
18,5,2019,95.04,05/18/19
19,5,2019,95.86,05/19/19
20,5,2019,95.08,05/20/19
21,5,2019,73.8,05/21/19
22,5,2019,69.8,05/22/19
23,5,2019,71.04,05/23/19
24,5,2019,144.24,05/24/19
25,5,2019,151.55,05/25/19
26,5,2019,138.34,05/26/19
27,5,2019,102.04,05/27/19
28,5,2019,69.48,05/28/19
29,5,2019,55.62,05/29/19
30,5,2019,50.84,05/30/19
31,5,2019,94.35,05/31/19
1,6,2019,97.55,06/01/19
2,6,2019,159.79,06/02/19
3,6,2019,72.86,06/03/19
4,6,2019,120.06,06/04/19
5,6,2019,217.51,06/05/19
6,6,2019,137.43,06/06/19
7,6,2019,242.25,06/07/19
8,6,2019,139.29,06/08/19
9,6,2019,174.61,06/09/19
10,6,2019,162.1,06/10/19
11,6,2019,130.24,06/11/19
12,6,2019,116.03,06/12/19
13,6,2019,143.87,06/13/19
14,6,2019,145.07,06/14/19
15,6,2019,175.49,06/15/19
16,6,2019,198.5,06/16/19
17,6,2019,82.16,06/17/19
18,6,2019,146.35,06/18/19
19,6,2019,77.89,06/19/19
20,6,2019,116.67,06/20/19
21,6,2019,178.92,06/21/19
22,6,2019,127.09,06/22/19
23,6,2019,245.77,06/23/19
24,6,2019,92.75,06/24/19
25,6,2019,74.19,06/25/19
26,6,2019,142.51,06/26/19
27,6,2019,64.08,06/27/19
28,6,2019,129.48,06/28/19
29,6,2019,96.2,06/29/19
30,6,2019,114.41,06/30/19
1,7,2019,174.62,07/01/19
2,7,2019,144.12,07/02/19
3,7,2019,126.27,07/03/19
4,7,2019,96.84,07/04/19
5,7,2019,72.83,07/05/19
6,7,2019,93.29,07/06/19
7,7,2019,180.55,07/07/19
8,7,2019,72.06,07/08/19
9,7,2019,40.14,07/09/19
10,7,2019,45.62,07/10/19
11,7,2019,103.84,07/11/19
12,7,2019,72.49,07/12/19
13,7,2019,126.95,07/13/19
14,7,2019,58.43,07/14/19
15,7,2019,72.19,07/15/19
16,7,2019,53.41,07/16/19
17,7,2019,77.06,07/17/19
18,7,2019,61.63,07/18/19
19,7,2019,61.84,07/19/19
20,7,2019,28.88,07/20/19
21,7,2019,112.14,07/21/19
22,7,2019,75.32,07/22/19
23,7,2019,114.24,07/23/19
24,7,2019,79.72,07/24/19
25,7,2019,40.68,07/25/19
26,7,2019,116.11,07/26/19
27,7,2019,174.53,07/27/19
28,7,2019,133.67,07/28/19
29,7,2019,86.97,07/29/19
30,7,2019,139.24,07/30/19
31,7,2019,103.01,07/31/19
1,8,2019,150.2,08/01/19
2,8,2019,117.41,08/02/19
3,8,2019,153.64,08/03/19
4,8,2019,87.14,08/04/19
5,8,2019,83.03,08/05/19
6,8,2019,84.05,08/06/19
7,8,2019,92.22,08/07/19
8,8,2019,93.48,08/08/19
9,8,2019,92.35,08/09/19
10,8,2019,57.72,08/10/19
11,8,2019,123.95,08/11/19
12,8,2019,109.59,08/12/19
13,8,2019,70.1,08/13/19
14,8,2019,133.71,08/14/19
15,8,2019,144.25,08/15/19
16,8,2019,105.71,08/16/19
17,8,2019,176.17,08/17/19
18,8,2019,196.87,08/18/19
19,8,2019,144.84,08/19/19
20,8,2019,229.29,08/20/19
21,8,2019,278.29,08/21/19
22,8,2019,186.06,08/22/19
23,8,2019,268.83,08/23/19
24,8,2019,386.19,08/24/19
25,8,2019,321.21,08/25/19
26,8,2019,267.98,08/26/19
27,8,2019,173.5,08/27/19
28,8,2019,132.75,08/28/19
29,8,2019,100.25,08/29/19
30,8,2019,116.43,08/30/19
31,8,2019,135.02,08/31/19
1,9,2019,242.38,09/01/19
2,9,2019,229.98,09/02/19
3,9,2019,95.61,09/03/19
4,9,2019,92.02,09/04/19
5,9,2019,106.57,09/05/19
6,9,2019,130.51,09/06/19
7,9,2019,160.77,09/07/19
8,9,2019,128.76,09/08/19
9,9,2019,65.84,09/09/19
10,9,2019,64.64,09/10/19
11,9,2019,58.52,09/11/19
12,9,2019,100.4,09/12/19
13,9,2019,103.19,09/13/19
14,9,2019,103.05,09/14/19
15,9,2019,154.3,09/15/19
16,9,2019,67.24,09/16/19
17,9,2019,79.26,09/17/19
18,9,2019,72.65,09/18/19
19,9,2019,185.06,09/19/19
20,9,2019,98.36,09/20/19
21,9,2019,139.28,09/21/19
22,9,2019,133.99,09/22/19
23,9,2019,134.52,09/23/19
24,9,2019,120.81,09/24/19
25,9,2019,145.09,09/25/19
26,9,2019,60.16,09/26/19
27,9,2019,101.42,09/27/19
28,9,2019,98.17,09/28/19
29,9,2019,165.45,09/29/19
30,9,2019,113.14,09/30/19
1,10,2019,65.16,10/01/19
2,10,2019,93.29,10/02/19
3,10,2019,46.72,10/03/19
4,10,2019,106.12,10/04/19
5,10,2019,201.32,10/05/19
6,10,2019,193.75,10/06/19
7,10,2019,137.8,10/07/19
8,10,2019,166.54,10/08/19
9,10,2019,63.31,10/09/19
10,10,2019,121.25,10/10/19
11,10,2019,95.77,10/11/19
12,10,2019,89.02,10/12/19
13,10,2019,81.94,10/13/19
14,10,2019,108.89,10/14/19
15,10,2019,68.61,10/15/19
16,10,2019,116.22,10/16/19
17,10,2019,157.96,10/17/19
18,10,2019,64.57,10/18/19
19,10,2019,60.95,10/19/19
20,10,2019,56.65,10/20/19
21,10,2019,58.03,10/21/19
22,10,2019,42.71,10/22/19
23,10,2019,81.28,10/23/19
24,10,2019,57.25,10/24/19
25,10,2019,68.76,10/25/19
26,10,2019,80.51,10/26/19
27,10,2019,173.34,10/27/19
28,10,2019,28.99,10/28/19
29,10,2019,140.29,10/29/19
30,10,2019,110.1,10/30/19
31,10,2019,134.06,10/31/19
1,11,2019,36.39,11/01/19
2,11,2019,136.6,11/02/19
3,11,2019,154.43,11/03/19
4,11,2019,77.49,11/04/19
5,11,2019,126.34,11/05/19
6,11,2019,107.47,11/06/19
