Bitcoin,Ethereum,Litecoin,Yuan,Euro,Pound,Gold,Oil,SP
-1.078688289,-1.046148844,-0.914500821,-0.020069425,0.490835743,-0.251720759,0.841815697,-1.456275637,-1.560275985
-1.078844161,-1.046018783,-0.913582297,-0.007835427,0.452292994,-0.475744388,0.914885394,-1.319756547,-1.510430801
-1.070657377,-1.047807128,-0.913057426,0.026909127,0.470430758,-0.562153503,1.192950623,-1.268282136,-1.502938852
-1.069794263,-1.048262343,-0.912270119,-0.04747358,0.307190878,-0.600557553,1.670005656,-1.198903582,-1.497209334
-1.066483722,-1.048132281,-0.91279499,-0.076835175,0.295854775,-0.533350465,1.590129467,-0.957197652,-1.510123076
-1.066935053,-1.04715682,-0.91279499,-0.002941828,0.363871392,-0.456542363,1.405153029,-1.153024215,-1.580019958
-1.071208746,-1.046896698,-0.914763256,-0.012239666,0.338931966,-0.44694135,1.221778119,-1.108263858,-1.605493445
-1.070573624,-1.04715682,-0.914632039,-0.016643905,0.352535289,-0.325328523,1.246801988,-1.261568082,-1.662037594
-1.070396814,-1.046896698,-0.914763256,-0.012729026,0.341199186,-0.270922785,1.059823641,-1.405920235,-1.702318524
-1.070596889,-1.044718168,-0.914894474,-0.055792699,0.320794201,-0.350931224,1.102864695,-1.380183029,-1.658335195
-1.07102263,-1.044360499,-0.914894474,-0.055792699,0.452292994,-0.002094429,0.957125684,-1.470822753,-1.679622105
-1.070634112,-1.038410188,-0.914763256,-0.04551614,0.450025773,-0.011695442,0.954723393,-1.437252485,-1.648198526
-1.070959815,-1.03811755,-0.913451079,-0.05040974,0.454560214,0.087515022,0.961329694,-1.380183029,-1.660582889
-1.072341728,-1.041369086,-0.914107168,-0.043558701,0.506706287,0.093915697,0.99636311,-1.214569707,-1.597516238
-1.073528219,-1.04260467,-0.914763256,-0.056771418,0.386543597,-0.066101181,1.32527684,-1.128406019,-1.531938279
-1.072430133,-1.042799762,-0.914500821,-0.065090537,0.375207495,0.151521774,1.369719231,-1.323113574,-1.559438886
-1.071257601,-1.042279516,-0.914500821,-0.068516056,0.379741936,0.109917385,1.379528588,-1.290662314,-1.615057704
-1.071643792,-1.042864793,-0.914632039,-0.04502678,0.391078039,0.026708609,1.159118352,-1.019862152,-1.565388978
-1.071590284,-1.042832277,-0.914632039,-0.04649486,0.363871392,0.07791401,1.123484363,-0.947126571,-1.564198957
-1.070913286,-1.043124916,-0.914632039,-0.053345899,0.445491332,0.106717048,1.129289901,-0.947126571,-1.552607579
-1.070252574,-1.042279516,-0.914632039,-0.064601177,0.348000848,0.343542027,0.972340196,-0.826273606,-1.600602106
-1.07037355,-1.042669701,-0.914500821,-0.064601177,0.472697979,0.532361943,0.862835747,-0.840820722,-1.595974377
-1.069964094,-1.043482585,-0.914763256,-0.064601177,0.382009156,0.596368694,0.094502882,-0.719967757,-1.602629226
-1.069961768,-1.043840254,-0.914632039,-0.064601177,0.463629096,0.75958591,-0.029415316,-0.642756141,-1.607124608
-1.069010249,-1.044880745,-0.914632039,-0.064601177,0.531645713,2.446163805,-0.243819823,-0.718848748,-1.594210871
-1.068216928,-1.046604059,-0.914632039,0.114015192,0.484034081,1.303643295,-0.116097997,-0.718848748,-1.577728149
-1.063387214,-1.047059274,-0.915025692,0.18203622,0.635937859,1.847700681,-0.169548981,-0.61142389,-1.613161851
-1.063559371,-1.047026759,-0.913188643,0.190355339,0.72209224,1.806096292,-0.228204929,-0.676326409,-1.684557559
-1.064143311,-1.04715682,-0.913844732,0.24124877,0.756100548,1.751690554,-0.168948408,-0.639399114,-1.716157596
-1.06357333,-1.047416943,-0.91397595,0.215802054,0.785574415,1.671682115,-0.217594809,-0.652827221,-1.667678885
-1.063329053,-1.044360499,-0.914369603,0.282355003,0.796910518,1.742089541,-0.265040064,-0.695349561,-1.727527325
-1.063698959,-1.045238414,-0.914763256,0.279418843,0.785574415,1.65248009,-0.17775681,-0.658422266,-1.688877559
-1.064134005,-1.046506513,-0.915288127,0.276482684,0.808246621,1.486062536,-0.094677566,-0.514070113,-1.670984252
-1.065750889,-1.046929213,-0.914894474,0.29654644,0.887599341,1.578872326,0.071280732,-0.657303257,-1.676537307
-1.065246049,-1.046831667,-0.913844732,0.403226902,0.996425927,1.671682115,-0.068852933,-0.623732989,-1.696590081
-1.059857986,-1.047481974,-0.91397595,0.448248014,0.996425927,1.639678739,-0.041426773,-0.671850373,-1.642998382
-1.05818992,-1.048359889,-0.91279499,0.485928728,1.010029251,1.854101356,-0.025411497,-0.753538025,-1.657762785
-1.054628122,-1.048750073,-0.912007684,0.439928896,0.96695206,1.694084478,0.154760358,-0.831868651,-1.682927471
-1.052566885,-1.048652527,-0.912663772,0.490822327,0.953348737,1.710086166,-0.00078801,-0.724443793,-1.676757881
-1.052136492,-1.049790565,-0.911351595,0.514311603,0.935210972,1.793294942,0.050260682,-0.835225677,-1.70500736
-1.04775113,-1.048522466,-0.912401337,0.445311855,0.846789371,1.726087853,0.189193201,-1.046718366,-1.737928684
-1.041432486,-1.049985657,-0.910695506,0.467333051,0.80371218,1.588473338,0.212615542,-1.065741518,-1.74586178
-1.0404135,-1.050083203,-0.911089159,0.406163062,0.635937859,1.569271313,0.49468459,-1.215688716,-1.832638412
-1.039264232,-1.050213264,-0.910433071,0.399312023,0.617800094,1.393252747,0.665247279,-1.289543305,-1.873184026
-1.048300172,-1.050115718,-0.914107168,0.391971624,0.574722904,1.082820004,0.657439832,-1.355564833,-1.888564959
-1.047413794,-1.050473387,-0.914238385,0.457545853,0.676747829,1.223634856,0.461853274,-1.264925109,-1.743437628
-1.046890342,-1.050570933,-0.914500821,0.503545685,0.708488917,1.27163992,0.325723429,-1.255973037,-1.67790271
-1.040594963,-1.05115621,-0.913582297,0.503545685,0.901202664,1.274840257,0.818593547,-1.229116823,-1.575524571
-1.044556911,-1.051481363,-0.914632039,0.574502872,0.987357045,1.226835194,0.336133358,-1.294019341,-1.52175749
-1.045650343,-1.051676456,-0.914894474,0.658183418,1.057640882,0.919602788,-0.16514478,-1.43165744,-1.593947257
-1.048451392,-1.053302224,-0.91397595,0.794714834,1.2911646,1.089220679,-0.956499604,-1.44284753,-1.569971516
-1.046255221,-1.052814493,-0.913188643,0.894054897,1.277561276,1.220434519,-0.826775869,-1.155262233,-1.528191765
-1.038836165,-1.052619401,-0.912401337,0.957182326,1.370517319,1.156427768,-0.761113237,-1.188832501,-1.535331873
-1.036965698,-1.05339977,-0.91279499,0.951310007,1.465740583,1.159628105,-0.80375391,-1.210093671,-1.49637223
-1.037610125,-1.0538875,-0.912926208,1.018352316,1.570032728,1.386852072,-1.133068022,-1.174285385,-1.488307867
-1.040206446,-1.054993022,-0.913582297,1.05309687,1.547360523,1.367650047,-1.072610355,-0.973982786,-1.449480572
-1.037379806,-1.053042101,-0.913188643,1.022756555,1.533757199,1.210833506,-0.957500559,-0.907961258,-1.422596491
-1.037756692,-1.054082592,-0.913188643,1.152436933,1.651652668,1.262038907,-1.046785722,-1.059027465,-1.422949407
-1.040222731,-1.054667869,-0.914107168,1.16662837,1.633514904,1.146826755,-1.697806691,-1.059027465,-1.384915096
-1.041069559,-1.056976459,-0.914107168,1.097139262,1.57683439,1.210833506,-1.446166667,-1.177642412,-1.394655813
-1.041195188,-1.058049466,-0.91397595,1.063373428,1.572299949,1.204432831,-1.475194355,-1.219045743,-1.397652379
-1.038761719,-1.057984436,-0.91397595,1.003182158,1.597239375,1.137225742,-1.513030444,-0.758014061,-1.381609729
-1.036353841,-1.058179528,-0.91397595,1.04918199,1.533757199,0.977208864,-1.883383701,-0.571139569,-1.432292017
-1.030998348,-1.058927381,-0.913451079,1.005628958,1.45440448,0.845995024,-1.828931763,-0.501761015,-1.452785938
-1.03281996,-1.061658671,-0.91397595,1.020309755,1.692462638,0.711580847,-1.798302548,-0.499522997,-1.402235993
-1.034646225,-1.061008364,-0.918831007,0.965501445,1.313836805,0.660375446,-1.870171099,-0.585686685,-1.387427478
-1.033268966,-1.058569712,-0.917387611,1.022756555,1.284362938,0.829993336,-1.940237931,-0.708777668,-1.260281686
-1.032533807,-1.057431674,-0.916469087,0.971373764,1.506550553,0.881198737,-1.787292045,-0.597995783,-1.215945445
-1.032573356,-1.058277074,-0.916731523,1.094692463,1.649385448,0.868397387,-1.951048242,-0.523022184,-1.180202938
-1.030854108,-1.058407135,-0.91686274,1.144607174,1.651652668,0.849195362,-2.184871271,-0.385384085,-1.161560759
-1.029332609,-1.058602227,-0.91686274,1.091266943,1.49748167,0.666776121,-2.07496644,-0.357408862,-1.102064159
-1.030828517,-1.058829835,-0.917256394,1.102522221,1.715134844,0.913202113,-2.103193364,-0.578972631,-1.10792602
-1.030968104,-1.059447627,-0.917125176,1.270372672,1.98493409,1.236436207,-2.500172017,-0.591281729,-1.125906483
-1.030130582,-1.060553149,-0.917125176,1.358457457,1.916917473,1.230035532,-2.70516755,-0.476023809,-1.143843905
-1.028134486,-1.06061818,-0.916469087,1.320287384,1.930520797,1.274840257,-2.541211162,-0.45364363,-1.146400399
-1.026336138,-1.061138426,-0.917256394,1.344266019,2.021209619,1.361249371,-2.575443814,-0.44357255,-1.12396759
-1.018672805,-1.060488118,-0.915419345,1.321755463,1.953193002,1.338847009,-2.621487733,-0.530855247,-1.129829455
-1.009018029,-1.06061818,-0.915944216,1.305606586,1.864771401,1.434857135,-2.692955902,-0.470428764,-1.165307268
-0.997539315,-1.06152861,-0.906758974,1.313436345,1.86250418,1.543668612,-2.704166595,-0.467071738,-1.162618432
-0.985720938,-1.061268487,-0.905578014,1.356500017,1.975865208,1.604475026,-2.480953686,-0.24326995,-1.129476534
-0.984911333,-1.058699774,-0.905578014,1.334968181,1.896512488,1.588473338,-2.362640835,-0.266769138,-1.203516963
-0.986509605,-1.05879732,-0.906102885,1.324691623,1.749143152,1.508464899,-2.111201002,-0.272364183,-1.207615318
-0.969863841,-1.054050077,-0.904397054,1.365308496,2.039347383,1.604475026,-2.227111562,-0.427906425,-1.162222475
-0.943030543,-1.050961118,-0.903084877,1.343776659,1.939589679,1.566070975,-2.119408831,-0.327195621,-1.12282169
-0.935660343,-1.048554981,-0.904397054,1.211649482,1.753677593,1.454059161,-1.855557159,-0.270126165,-1.128639435
-0.969228719,-1.05248934,-0.908858458,1.250798276,1.66072155,1.486062536,-1.761867795,-0.246626977,-1.081923155
-1.000198449,-1.051416333,-0.908464804,1.239542997,1.687928197,1.764491904,-1.817320688,-0.473785791,-1.111054928
-0.999923928,-1.05164394,-0.905053143,1.220947321,1.606308257,1.806096292,-1.629541577,-0.600233801,-1.094395748
-0.998858413,-1.051513879,-0.905184361,1.238564278,1.801289225,1.950111483,-1.552468061,-0.446929577,-1.111803801
-1.020540946,-1.053107131,-0.912007684,1.173479409,1.565498287,1.70368549,-1.360084559,-0.355170844,-1.127405304
-1.019901172,-1.054180138,-0.912401337,1.078054225,1.515619435,1.770892579,-1.432753873,-0.427906425,-1.096996358
-1.000926629,-1.052131671,-0.913451079,1.081969105,1.511084994,1.994916209,-1.154288262,-0.417835344,-1.126082941
-0.999312071,-1.052359278,-0.913713514,0.926352652,1.445335598,1.489262874,-1.03997923,-0.566663533,-1.126391741
-1.002310868,-1.052164186,-0.913844732,0.955224887,1.524688317,1.489262874,-1.275003405,-0.536450292,-1.116166841
-1.003522949,-1.051416333,-0.913713514,0.965990805,1.458938921,1.466860511,-1.190723015,-0.431263452,-1.104576538
-0.996806482,-1.05073351,-0.914763256,0.859799703,1.329707349,1.274840257,-0.996938176,-0.382027058,-1.127405304
-0.997764981,-1.051026148,-0.914894474,0.882799619,1.261690732,1.137225742,-0.994535885,-0.425668407,-1.070773999
-1.002627265,-1.051741486,-0.915550563,0.982139682,1.284362938,0.99641089,-1.186919387,-0.452524621,-1.005018507
-0.997981341,-1.051676456,-0.914500821,0.963054645,1.395456745,0.954806501,-1.61112401,-0.336147692,-1.007354427
-0.99802089,-1.051351302,-0.911876466,0.963054645,1.465740583,1.050816628,-1.452973159,-0.397693184,-1.064691564
-0.986628254,-1.051253756,-0.910695506,0.963054645,1.336509011,1.150027092,-1.336662218,-0.384265076,-1.095188737
-0.982652348,-1.051026148,-0.911876466,0.963054645,1.241285747,0.881198737,-1.118854464,-0.255579049,-1.050897683
-0.976973478,-1.050863572,-0.912138901,0.963054645,1.191406895,0.948405826,-1.035975411,-0.294744361,-1.073682333
-0.972239148,-1.050766026,-0.911876466,0.952778087,1.282095717,1.057217303,-1.03997923,-0.265650129,-1.010483336
-0.96973356,-1.04933535,-0.913188643,0.910203774,1.29343182,1.118023717,-0.849998019,-0.355170844,-1.019871137
-0.965711124,-1.048815104,-0.912926208,0.986054561,1.390922304,1.287641608,-0.659015853,-0.446929577,-1.005680228
-0.96174685,-1.048652527,-0.912926208,1.022756555,1.427197833,1.02201359,-0.643200768,-0.426787416,-1.021061157
-0.959415745,-1.049010196,-0.913319861,0.923905852,1.404525628,0.99641089,-0.503467485,-0.357408862,-0.954203876
-0.980372425,-1.049172773,-0.915419345,0.967948244,1.490680009,1.102022029,-0.824173386,-0.262293102,-0.918285991
-0.979630287,-1.049010196,-0.915812998,1.013948076,1.522421096,1.015612915,-0.710264736,-0.360765889,-0.863857188
-0.977441095,-1.040686264,-0.915288127,1.001224719,1.581368831,1.086020341,-0.765317247,-0.332790665,-0.837414255
-0.978062258,-1.041889332,-0.914763256,0.944458968,1.667523212,1.210833506,-0.790140925,-0.343980755,-0.776948209
-0.972355471,-1.043905284,-0.914107168,0.87643794,1.524688317,1.066818316,-0.630388547,-0.310410487,-0.776904094
-0.967749096,-1.044295469,-0.914238385,0.923416492,1.49748167,1.207633169,-0.556918469,-0.310410487,-0.777565815
-0.952841191,-1.044620622,-0.91515691,1.001714079,1.653919889,1.175629793,-0.62678511,-0.242150941,-0.709034331
-0.950947459,-1.04442553,-0.914763256,0.971863124,1.719669285,1.134025405,-0.594954749,-0.288030308,-0.71599798
-0.939029045,-1.043124916,-0.91397595,0.974799283,1.631247683,1.124424392,-0.577137754,-0.19067653,-0.702203024
-0.933499069,-1.043157431,-0.913844732,0.946905768,1.592704934,1.082820004,-0.307880927,-0.245507968,-0.706257263
-0.937782067,-1.03405313,-0.914369603,0.963054645,1.601773816,1.214033844,-0.184963684,-0.239912924,-0.687747426
-0.935160155,-1.031907116,-0.914369603,0.920969693,1.565498287,1.230035532,-0.255230707,-0.244388959,-0.704274259
-0.928355283,-1.028980734,-0.914369603,0.967948244,1.676592094,1.434857135,-0.421789578,-0.26453112,-0.558001028
-0.919135554,-1.02251018,-0.908071151,1.009543837,1.712867623,1.505264562,-0.388758071,-0.397693184,-0.585457519
-0.914906064,-1.017892999,-0.910957942,1.091756303,1.706065962,1.578872326,-0.670026355,-0.319362558,-0.633319699
-0.915908765,-1.020364166,-0.911745248,1.055543669,1.558696625,1.553269625,-0.636194085,-0.335028683,-0.655751433
-0.916013455,-1.021957419,-0.911482813,1.087841424,1.590437713,1.66528144,-0.804154291,-0.392098139,-0.671969465
-0.92610793,-1.024818768,-0.912926208,1.117692379,1.638049345,1.732488529,-0.988329965,-0.711015686,-0.680916119
-0.934180719,-1.02742,-0.913713514,1.163692211,1.65845433,1.735688866,-1.188520915,-0.831868651,-0.698588857
-0.917195293,-1.022380115,-0.912663772,1.159287971,1.560963846,1.735688866,-1.347872911,-0.910199276,-0.664301059
-0.924895849,-0.985442662,-0.896523989,1.124543417,1.395456745,1.697284815,-1.173306403,-0.921389366,-0.675055334
-0.923164969,-0.989214451,-0.907677498,1.163202851,1.504283332,1.799695617,-1.255384692,-1.000839,-0.700924777
-0.921582981,-0.971526091,-0.907808716,1.137756135,1.49748167,1.722887516,-1.274603023,-0.877748017,-0.606347392
-0.920101031,-0.935011344,-0.904921925,1.132373176,1.29343182,1.518065912,-0.833782552,-0.882224053,-0.614764671
-0.938205481,-0.907926042,-0.907152627,1.10692646,1.25035463,1.338847009,-0.78073195,-0.877748017,-0.625298376
-0.965455214,-0.938392945,-0.910695506,1.10790518,1.257156291,1.313244308,-0.653810888,-0.939293509,-0.652446066
-0.951636089,-0.943953068,-0.910695506,1.10839454,1.268492394,1.303643295,-0.705660344,-1.025457197,-0.641957552
-0.952050197,-0.946749389,-0.911220377,1.033033113,1.155131366,1.130825067,-0.39496399,-0.995243955,-0.774700516
-0.966623093,-0.942457365,-0.911351595,1.028139514,1.17100191,1.054016966,-0.383753297,-1.027695214,-0.743366244
-0.97070369,-0.91163279,-0.907808716,1.05211815,1.186872454,1.041215615,-0.444210964,-0.994124946,-0.755265348
-0.969324104,-0.9220052,-0.908333587,0.969905684,1.116588617,1.02201359,-0.198376478,-1.025457197,-0.805154652
-0.965078329,-0.91088494,-0.907283845,1.000245999,1.109786955,1.095621354,-0.241417532,-0.875509999,-0.721946997
-0.967293111,-0.911990462,-0.857158665,1.033522473,1.223147983,1.230035532,-0.321493912,-0.751300007,-0.723797658
-0.968651759,-0.916575128,-0.86266981,1.040373512,1.359181216,1.175629793,-0.303676917,-0.658422266,-0.692683956
-0.962689063,-0.918038323,-0.865294165,1.084415904,1.402258407,1.108422704,-0.464029868,-0.631566051,-0.692991681
-0.944817258,-0.936897229,-0.840756446,0.989969441,1.418128951,1.044415953,-0.358529237,-0.66401731,-0.712735654
-0.943723825,-0.93195489,-0.796536064,0.989969441,1.429465054,1.14042608,-0.184563302,-0.581210649,-0.736270252
-0.948690801,-0.937222389,-0.799554073,1.048203271,1.429465054,1.137225742,-0.210387935,-0.564425515,-0.657690326
-0.936295464,-0.94141686,-0.817268469,1.076096786,1.445335598,1.079619666,-0.21579309,-0.502880024,-0.720272793
-0.936711899,-0.937547539,-0.817924557,1.083437184,1.545093302,1.249237557,-0.061045486,-0.440215523,-0.722035224
-0.935837153,-0.941904597,-0.829734155,1.126500857,1.567765508,1.249237557,-0.241417532,-0.349575799,-0.710532076
-0.931712353,-0.930654286,-0.805590089,1.086373344,1.547360523,1.172429455,-0.191169603,-0.313767513,-0.759672504
-0.931928714,-0.920411941,-0.81136367,1.062394708,1.526955538,1.015612915,0.199002557,-0.342861746,-0.770690392
-0.93221952,-0.923468394,-0.808870533,1.016394876,1.481611126,0.974008527,0.408802673,-0.335028683,-0.790346134
-0.934776291,-0.922980657,-0.813069501,1.011990637,1.499748891,0.922803126,0.492282299,-0.398812192,-0.786468353
-0.929502224,-0.922167773,-0.818055775,1.029118234,1.429465054,0.942005151,0.360756845,-0.416716335,-0.789949102
-0.929981473,-0.925224214,-0.814906549,1.000245999,1.304767923,0.436351816,0.408802673,-0.637161096,-0.771087424
-0.924100202,-0.925549374,-0.801522339,1.020309755,1.284362938,0.429951141,0.273673782,-0.662898301,-0.732567854
-0.925228532,-0.927240173,-0.774753918,0.985075841,1.341043452,0.445952829,0.292691922,-0.732276855,-0.755441806
-0.921738853,-0.921810101,-0.764912587,0.9953524,1.066709765,0.426750804,0.163568759,-0.815083517,-0.66377276
-0.917867637,-0.908803957,-0.757039522,0.999756639,1.00549481,0.423550466,0.163368568,-0.779275231,-0.59546185
-0.911528055,-0.880157934,-0.766224764,1.017862956,0.998693148,0.362744053,-0.0386241,-0.779275231,-0.570429506
-0.905742169,-0.846244412,-0.77055495,1.057501109,1.00776203,0.305137976,0.01182402,-0.808369463,-0.597136049
-0.903048138,-0.845659132,-0.757958046,1.060926628,0.998693148,0.20912785,-0.013199849,-0.76920415,-0.590173475
-0.879076375,-0.822215561,-0.756777086,1.021288475,0.944279854,0.20912785,-0.023009206,-0.822916579,-0.586603423
-0.869868278,-0.823125987,-0.617161401,1.045756471,0.939745413,0.2475319,-0.183562347,-0.954959634,-0.593478841
-0.865478263,-0.776466448,-0.615061917,1.048203271,0.953348737,0.2475319,-0.20097896,-0.939293509,-0.607184495
-0.838458849,-0.768825319,-0.608763465,1.047224551,0.960150398,0.311538652,-0.546108157,-1.18995151,-0.600089574
-0.836337125,-0.775523502,-0.598659699,1.068756387,0.821849944,0.177124474,-0.704259008,-1.113858903,-0.565448861
-0.811834931,-0.795097737,-0.539480507,1.085883984,0.88533212,0.119518398,-0.691046405,-1.088121697,-0.556325749
-0.786211388,-0.78944007,-0.486599728,1.099586062,0.985089824,0.177124474,-0.769321066,-1.157500251,-0.545263745
-0.796692055,-0.791943743,-0.544204306,1.099096702,1.003227589,0.125919073,-0.863811194,-0.996362964,-0.563465857
-0.776803216,-0.791878722,-0.561262627,1.092735023,1.028167015,0.279535276,-0.909855113,-0.937055491,-0.581182705
-0.780939648,-0.798316777,-0.595379255,1.087352064,1.003227589,0.282735614,-0.783935006,-0.934817473,-0.595638308
-0.791024818,-0.786643749,-0.635138233,1.068756387,0.871728797,0.218728862,-0.706060726,-0.819559552,-0.544470756
-0.797273668,-0.795683013,-0.623984724,1.035479913,0.774238313,0.241131225,-0.644602105,-0.844177749,-0.536890577
-0.779101751,-0.773897734,-0.587374959,1.034990553,0.572455683,0.167523461,-0.455421657,-0.799417392,-0.628999699
-0.769695905,-0.665393965,-0.595116806,1.037437352,0.588326227,0.186725487,-0.124706208,-0.763609106,-0.669237589
-0.746422079,-0.66669456,-0.595510473,1.040373512,0.547516257,0.125919073,-0.318691238,-0.656184248,-0.610533973
-0.676772757,-0.513969956,-0.548928185,1.033522473,0.427353567,0.052311309,-0.225202065,-0.60135281,-0.58232861
-0.6728364,-0.432323882,-0.493554295,1.024224635,0.402414141,0.081114347,-0.079663244,-0.566663533,-0.558573438
-0.625632687,-0.383713378,-0.495916227,1.033033113,0.413750244,0.125919073,-0.284258395,-0.581210649,-0.537727681
-0.569800164,-0.443639214,-0.553783228,1.003671518,0.368405833,0.119518398,-0.156336378,-0.852010812,-0.479862244
-0.613984142,-0.534844811,-0.624772018,0.907756975,0.429620788,0.420350129,-0.153733896,-0.738990909,-0.488808898
-0.677224088,-0.325771031,-0.624115942,0.835821067,0.522576831,0.385146415,0.036447506,-0.733395864,-0.495066715
-0.675102364,-0.320568554,-0.576615104,0.82260835,0.425086347,0.433151479,-0.085668973,-0.883343062,-0.49184958
-0.643157851,-0.345963041,-0.589212021,0.622460144,0.35480251,0.311538652,0.050460873,-0.879986035,-0.429840598
-0.633814819,-0.350190048,-0.590392993,0.682162054,0.352535289,0.292336626,-0.074057898,-0.951602607,-0.385020174
-0.587690581,-0.214568507,-0.555882699,0.592609189,0.298121996,0.279535276,0.295094213,-0.982934857,-0.388016736
-0.514849366,-0.225363629,-0.564018213,0.581843271,0.286785893,0.237930888,0.38297804,-0.901247205,-0.402737023
-0.545216545,-0.238467316,-0.566380145,0.553460396,0.352535289,0.202727174,0.537325262,-1.161976287,-0.406835378
-0.557797998,-0.178736514,-0.563230919,0.570587993,0.366138612,0.164323124,0.406800763,-1.175404394,-0.389250867
-0.537695126,0.057585103,-0.567429887,0.583800711,0.422819126,0.708380509,0.190194156,-1.159738269,-0.358709584
-0.515465876,0.21261832,-0.563493329,0.561779515,0.375207495,0.695579159,0.04345419,-1.128406019,-0.428431083
-0.563907261,0.193499272,-0.547747225,0.561290155,0.384276377,0.685978146,-0.010597367,-1.093716742,-0.379467114
-0.564421407,0.057975271,-0.574253184,0.567162474,0.368405833,0.522760931,0.051061446,-1.274996189,-0.369506899
-0.623075917,0.086913922,-0.516648605,0.602396388,0.481766861,0.589968019,-0.04282811,-1.310804475,-0.412697239
-0.621863835,0.111267898,-0.339242195,0.643013261,0.468163538,0.474755867,-0.240616768,-1.281710243,-0.416223179
-0.59326476,0.101155667,-0.331106708,0.661119577,0.459094655,0.519560593,-0.265040064,-1.336541681,-0.325126543
-0.569860652,0.060869089,-0.351707894,0.739906524,0.506706287,0.765986585,-0.406575065,-1.437252485,-0.339053842
-0.567869209,-0.002308234,-0.336486636,0.741374604,0.490835743,0.791589286,-0.398967809,-1.533487254,-0.376205863
-0.579098993,-0.008388591,-0.348689886,0.742353323,0.470430758,0.660375446,-0.277051521,-1.527892209,-0.378893624
-0.569460502,-0.012453011,-0.360368266,0.785906356,0.456827435,0.621971395,-0.260635863,-1.490964914,-0.379864146
-0.604338672,-0.154349993,-0.437130623,0.792757395,0.411483024,0.557964644,-0.271045792,-1.448442574,-0.340111515
-0.618948791,-0.03329537,-0.399602399,0.791778675,0.39561248,0.538762618,-0.392561699,-1.335422672,-0.38537309
-0.606960583,-0.038465299,-0.414823645,0.619523985,0.196097071,0.385146415,-0.291465269,-1.280591234,-0.372944608
-0.610485158,-0.093676418,-0.424271297,0.570587993,0.044193293,0.138720423,-0.303476726,-1.264925109,-0.374002285
-0.617366803,-0.170054968,-0.444216395,0.493269126,0.016986647,0.087515022,-0.402571246,-1.13735809,-0.418162067
-0.602617097,-0.193661152,-0.269959237,0.580864551,0.157554321,0.193126162,-0.793143789,-1.239187903,-0.408510657
-0.603996683,-0.220648863,-0.293578432,0.599949588,0.128080454,0.145121098,-0.79754799,-1.193308537,-0.455314089
-0.534338055,-0.278851339,-0.281375168,0.593098549,0.037391632,0.2475319,-0.878024752,-1.335422672,-0.44367967
-0.622505936,-0.383518292,-0.352495214,0.58771559,0.037391632,0.263533588,-1.113449309,-1.318637538,-0.421290976
-0.651281821,-0.348076569,-0.330319388,0.605821907,0.035124411,0.317939327,-1.078415892,-1.244782948,-0.43319008
-0.648899534,-0.349377164,-0.339767079,0.574502872,0.019253867,0.35314304,-0.939483373,-1.197784573,-0.360648472
-0.64854824,-0.413074746,-0.36207411,0.502077605,0.057796617,0.228329875,-0.87342036,-1.132882054,-0.344958743
-0.662965264,-0.440257587,-0.405113518,0.495226566,0.019253867,0.11631806,-0.969311825,-1.080288634,-0.282289119
-0.693851241,-0.251083192,-0.376770485,0.447758654,-0.060098852,-0.101304894,-0.700054998,-1.13735809,-0.285462143
-0.657298026,-0.292930497,-0.390810784,0.4179077,-0.119046587,-0.021296455,-0.581341764,-1.094835751,-0.293836382
-0.655073938,-0.319463041,-0.371652992,0.363588749,-0.189330424,-0.030897467,-0.503067103,-1.016505125,-0.236939317
-0.537930097,-0.316991893,-0.344359687,0.438460816,-0.13038269,0.113117723,-0.528691545,-1.057908456,-0.220236026
-0.552421567,-0.317219475,-0.346984042,0.419375779,-0.370708069,0.081114347,-0.403572201,-1.164214305,-0.24262472
-0.566647822,-0.351588234,-0.374014925,0.410567301,-0.379776951,0.017107596,-0.226403211,-1.11609692,-0.240156453
-0.568783505,-0.405856381,-0.399733591,0.352333471,-0.391113054,-0.030897467,-0.222999964,-0.941531526,-0.204282683
-0.605383249,-0.417594426,-0.408656398,0.365546189,-0.363906407,-0.01489578,-0.370740885,-0.850891803,-0.202299679
-0.58617606,-0.423284615,-0.411543201,0.343524992,-0.425121362,-0.117306582,-0.060044531,-0.798298383,-0.191942431
-0.538686194,-0.404945905,-0.421909364,0.318078277,-0.45912967,-0.120506919,-0.126908309,-0.723324784,-0.23826168
-0.540507806,-0.330225619,-0.3887113,0.263759326,-0.545284051,-0.197315021,0.057467556,-0.668493346,-0.218738281
-0.533125974,-0.341833626,-0.398421426,0.197695738,-0.647308976,-0.363732574,0.068077676,-0.782632258,-0.216314129
-0.570074686,-0.344759989,-0.398552631,0.219716934,-0.6609123,-0.366932911,0.020632421,-0.736752891,-0.208073308
-0.558260962,-0.346808473,-0.390810784,0.236355171,-0.719860034,-0.222917721,-0.05964415,-0.8005364,-0.227243791
-0.538248821,-0.24594581,-0.345409443,0.224121173,-0.549818493,-0.056500168,0.06247233,-0.740109918,-0.209747511
-0.422310083,-0.11237275,-0.30998065,0.216291414,-0.615567889,-0.037298143,-0.155735805,-0.762490097,-0.20556093
-0.4020304,-0.062949363,-0.306437758,0.18301494,-0.531680728,0.081114347,-0.119100862,-0.796060365,-0.161841215
-0.416475341,-0.077808905,-0.326382869,0.111079033,-0.488603538,0.049110972,-0.006193166,-0.7378719,-0.234383899
-0.409335459,-0.077223655,-0.340291963,-0.055792699,-0.513542964,0.07791401,0.231033109,-0.855367838,-0.274180641
-0.356694829,-0.048675071,-0.338323684,-0.023005584,-0.590628463,0.100316373,0.415609165,-0.825154597,-0.350379456
-0.206543286,-0.111852495,-0.364173594,-0.059218218,-0.62236955,0.068312997,0.414207828,-0.961673687,-0.261663931
-0.176103987,-0.100211937,-0.37545832,0.00782409,-0.484069096,0.282735614,0.213015924,-0.963911705,-0.25866737
-0.19349189,-0.076996021,-0.378082636,0.0650792,-0.475000214,0.292336626,0.13213878,-1.050075393,-0.23209209
-0.16942009,-0.089709541,-0.336355444,0.037675045,-0.445526347,0.276334938,0.425418522,-1.019862152,-0.275766613
-0.196074251,-0.114843849,-0.349870859,-0.009792867,-0.522611846,0.317939327,0.481071606,-0.849772794,-0.384843712
-0.256792324,-0.015346826,-0.333993525,-0.042090621,-0.558887375,0.279535276,0.414408019,-0.984053866,-0.427548793
-0.252227825,-0.029295945,-0.237810888,-0.094941492,-0.58155958,0.349942702,0.447039144,-0.954959634,-0.320939957
-0.222677231,-0.017753031,-0.262086146,-0.075856455,-0.574757919,0.413949453,0.389784533,-0.865438919,-0.346766364
-0.194617892,0.010177651,-0.278882057,-0.091515972,-0.645041756,0.423550466,0.457849455,-1.000839,-0.340243858
-0.176166801,0.001918821,-0.281112732,-0.069005416,-0.629171212,0.385146415,0.41661012,-0.954959634,-0.324510013
-0.188210843,0.13354094,-0.122732961,-0.186451796,-0.860427709,0.231530213,0.577563643,-1.094835751,-0.345839958
-0.136621769,0.18380976,-0.091634316,-0.292642898,-0.910306561,0.151521774,1.057020968,-1.088121697,-0.345532233
-0.136426347,0.180558223,0.013602267,-0.415961596,-0.801479974,0.218728862,0.906677565,-1.144072144,-0.296524143
-0.110944717,0.19896183,0.252156148,-0.402748879,-0.710791152,0.269934263,0.787163568,-0.998600982,-0.231739173
-0.074661371,0.188361891,0.263965759,-0.45070615,-0.753868343,0.167523461,1.078041018,-0.991886929,-0.208073308
-0.182648297,0.024907106,0.113065347,-0.621003401,-0.781074989,0.161122786,1.38413298,-0.845296758,-0.245137098
-0.138582968,0.015640307,0.12185691,-0.667003233,-0.835488283,-0.050099493,1.47281757,-0.789346311,-0.255406114
-0.129791306,0.004162391,0.113458987,-0.747258259,-0.853626047,-0.072501856,1.392140618,-0.792703338,-0.259900426
-0.12840474,-0.081418065,0.005204344,-0.966002141,-1.016865927,-0.187714008,1.71945282,-0.978458821,-0.266555274
-0.221306951,-0.057649343,-0.020776718,-0.756066738,-0.908039341,-0.312527173,1.436382817,-0.909080267,-0.170303686
-0.202002051,-0.129150589,-0.094652376,-0.660641554,-0.876298253,-0.312527173,1.210167044,-0.892295133,-0.135839425
-0.251478707,-0.173826763,-0.142940455,-0.693428668,-0.790143872,-0.357331899,1.31466672,-0.770323159,-0.128787549
-0.300655251,-0.215934097,-0.234924071,-0.610237483,-0.733463358,-0.31572751,1.117278444,-0.707658659,-0.128523935
-0.344194802,-0.200554393,-0.212748298,-0.634216119,-0.833221062,-0.715769705,1.286639987,-0.703182623,-0.120590844
-0.263750742,-0.111202145,-0.221146221,-0.533407976,-0.855893268,-0.862985233,1.026191562,-0.705420641,-0.084936568
-0.260298287,-0.131264168,-0.251719983,-0.412046717,-0.912573782,-0.866185571,0.843417225,-0.743466945,-0.087051914
-0.274880489,-0.152756773,-0.276520124,-0.488876224,-0.772006107,-0.84058287,0.927697614,-0.659541275,-0.082600643
-0.301627708,-0.206049498,-0.321790261,-0.39491912,-0.778807769,-0.872586246,0.651434104,-0.627090015,-0.090049556
-0.338420548,-0.154089916,-0.308930934,-0.416940316,-0.892168797,-0.837382533,0.601186175,-0.655065239,-0.1063117
-0.293757321,-0.124273285,-0.251719983,-0.304387536,-0.724394475,-0.798978482,0.537925835,-0.484975881,-0.110410054
-0.289188169,-0.069810055,-0.212092222,-0.210430432,-0.601964565,-0.760574431,0.883055033,-0.514070113,-0.106135241
-0.233316096,-0.077613823,-0.215110218,-0.196238994,-0.536215169,-0.680565992,0.554741875,-0.452524621,-0.069820324
-0.217203089,-0.099399053,-0.244371776,-0.033282143,-0.53848239,-0.645362279,0.321519419,-0.510713086,-0.07396279
-0.232250581,-0.091692929,-0.231512436,-0.013218386,-0.624636771,-0.661363967,0.406800763,-0.505118041,-0.035929558
-0.172786466,-0.111169601,-0.26261103,-0.153664682,-0.558887375,-0.488545739,0.190394347,-0.625971006,0.007216666
-0.181571149,-0.125313802,-0.269959237,-0.153664682,-0.502206861,-0.427739325,0.088897535,-0.642756141,0.033218456
-0.200219989,-0.119135903,-0.28452442,-0.153664682,-0.565689036,-0.450141688,0.188792819,-0.691992534,0.057017739
-0.197816764,-0.081645695,-0.272977245,-0.153664682,-0.506741302,-0.213316708,0.185589764,-0.603590828,0.109815378
-0.186037937,-0.064997847,-0.271008952,-0.153664682,-0.45912967,-0.059700506,0.055265456,-0.765847123,0.096152765
-0.077755552,-0.091562841,-0.28767362,-0.135558365,-0.536215169,-0.120506919,0.301300133,-0.738990909,0.106774697
-0.067644792,-0.094261672,-0.295284275,-0.298515217,-0.574757919,-0.254921097,0.410003818,-0.587924703,0.121802709
-0.078914125,-0.082393584,-0.181518461,-0.414004157,-0.665446741,-0.338129873,0.466657857,-0.546521372,0.121846825
0.054433454,0.04418879,-0.167871854,-0.416940316,-0.715325593,-0.242119746,0.576362498,-0.623732989,0.122243857
0.145953752,0.04236794,-0.092815236,-0.470769907,-0.681317285,-0.472544051,0.592377774,-0.531974256,0.132467682
0.131048174,0.001008394,-0.112629142,-0.442387032,-0.640507315,-0.430939663,0.744923277,-0.483856872,0.140489009
0.136659576,-0.057779433,-0.153044235,-0.293621618,-0.567956257,-0.30292616,0.539527363,-0.482737863,0.141546682
0.090937814,-0.057649343,-0.159605123,-0.272579141,-0.556620154,-0.274123122,0.394388924,-0.462595702,0.16093881
0.123631444,-0.071533467,-0.149370151,-0.22364315,-0.62010233,-0.261321772,0.297296314,-0.547640381,0.153226288
0.197091495,-0.100862287,-0.173120525,-0.282366339,-0.613300668,-0.178112995,0.386181095,-0.509594077,0.21087115
0.200692843,-0.074394734,-0.191228587,-0.213855951,-0.549818493,-0.309326835,0.205408668,-0.478261827,0.223431975
0.168106229,-0.109739016,-0.22508274,-0.217770831,-0.574757919,-0.226118059,0.315914072,-0.432382461,0.196503784
0.125953244,-0.112958004,-0.217865777,-0.174707158,-0.597430124,-0.219717384,0.174779453,-0.471547773,0.175437448
0.177709823,-0.114486229,-0.230462668,-0.202111313,-0.411518039,-0.286924472,0.28388352,-0.42231138,0.173983818
0.180406181,-0.120501591,-0.233087036,-0.10570741,-0.298157011,-0.14610962,0.030241587,-0.253341031,0.244101275
0.233123584,-0.072086173,-0.195427555,-0.157579561,-0.329898099,-0.210116371,0.103711665,-0.232079861,0.231100382
0.292550476,-0.075597887,-0.220621337,-0.189387956,-0.384311392,-0.370133249,0.208411532,-0.204104638,0.223431975
0.361618185,-0.095399729,-0.235317764,-0.226579309,-0.350303084,-0.459742701,0.114121595,-0.208580673,0.267987714
0.501209962,-0.13357273,-0.244765403,-0.350387368,-0.363906407,-0.091703881,0.249851059,-0.182843468,0.235860454
0.523069305,-0.087693504,-0.228625633,-0.21972827,-0.338966981,-0.085303206,0.218220889,-0.061990503,0.268075945
0.519458652,-0.088799114,-0.233087036,-0.202600673,-0.307225893,-0.123707257,0.080489515,0.129360025,0.289935264
0.474686082,-0.098683712,-0.132049356,-0.208962352,-0.264148702,-0.216517046,0.272873018,0.112574891,0.305977914
0.596382789,-0.048479988,-0.124438753,-0.186451796,-0.304958672,-0.178112995,0.243444948,0.071171561,0.299146607
0.519705256,-0.01593218,-0.087304104,-0.199175154,-0.318561996,-0.17171232,0.335332594,0.109217864,0.25961455
0.488337703,-0.032157313,-0.102394171,-0.186941156,-0.37524251,-0.222917721,0.387982814,0.063338498,0.247759562
0.371826657,-0.050496022,-0.153700311,-0.155132761,-0.400181936,-0.130107932,0.214016879,0.065576516,0.264726463
0.361076122,0.009885026,-0.133099124,-0.194281555,-0.443259126,-0.152510295,0.213416306,-0.057514467,0.229469219
0.49537522,0.035994858,0.033416173,-0.225111229,-0.647308976,-0.251720759,0.326724383,-0.101155816,0.199413194
0.640808718,0.002406532,-0.01382219,-0.216302751,-0.599697345,-0.264522109,0.242443994,-0.116821941,0.275436626
0.649465446,0.001431013,-0.029699525,-0.232451628,-0.615567889,-0.331729198,0.322920755,0.002912016,0.248420203
0.726766469,0.12586736,-0.005161766,-0.208472992,-0.547551272,-0.363732574,0.52211075,0.002912016,0.251416769
0.729511682,0.126029898,-0.009229595,-0.194281555,-0.529413508,-0.402136625,0.282882565,0.073409578,0.324355405
0.718716945,0.154448291,-0.019858194,-0.247132426,-0.558887375,-0.4085373,0.320118082,0.189786508,0.323253616
0.735444135,0.469099503,0.053230093,-0.373387284,-0.733463358,-0.530150127,0.513902921,0.308401455,0.337665102
1.071428016,0.505028938,0.256617604,-0.380238323,-0.8264194,-0.584555865,0.477067787,0.214404704,0.347360628
1.14293152,0.46935958,0.275250498,-0.356259687,-0.715325593,-0.424538987,0.563350086,0.198738579,0.441145025
1.466703854,0.589601421,0.386785585,-0.357238407,-0.70172227,-0.635761266,0.58537109,0.119288945,0.472876334
1.300036828,0.411969991,0.245070468,-0.311238574,-0.688118947,-0.760574431,0.359155317,0.136074079,0.573580264
1.357197756,0.432812347,0.349913424,-0.320536413,-0.756135563,-0.824581183,0.200203703,0.242379928,0.542201877
1.499227654,0.448874945,0.398857592,-0.311238574,-0.717592814,-0.782976794,0.177982508,0.14502615,0.606413357
1.586423078,0.434828284,0.398332813,-0.317110893,-0.672248403,-0.69656768,0.203206567,0.165168311,0.533827638
2.13013819,0.399158929,0.386391945,-0.313196014,-0.640507315,-0.67096498,0.01622822,-0.04408636,0.470760983
2.951515357,0.327560141,0.344533457,-0.311238574,-0.624636771,-0.603757891,-0.076860571,0.035363275,0.49976041
3.057066487,0.412912963,0.824659149,-0.307813055,-0.558887375,-0.664564304,-0.34651778,0.108098856,0.5467403
2.861760836,0.602314842,1.994465501,-0.322983212,-0.611033448,-0.622959916,-0.339110715,0.185310472,0.584995185
2.924086487,1.118984004,4.306653552,-0.299983296,-0.533947949,-0.574954853,-0.432199507,0.104741829,0.626377904
2.894145049,1.368767029,3.598602288,-0.302430096,-0.556620154,-0.587756203,-0.44761421,0.045434355,0.635896972
2.762165423,1.357744276,3.165321425,-0.357727766,-0.624636771,-0.728571056,-0.184963684,0.091313721,0.619194756
3.010700297,1.179592686,3.203505829,-0.357727766,-0.590628463,-0.568554178,-0.219596718,0.123764981,0.670052427
3.293806249,1.512810039,3.815636551,-0.322004493,-0.572490698,-0.584555865,-0.206984689,0.110336873,0.73765858
3.248859195,1.738856892,3.969948755,-0.324451292,-0.633705653,-0.626160254,-0.067051215,0.146145159,0.735322656
2.959657939,1.613054951,3.584562291,-0.382685122,-0.717592814,-0.693367343,-0.044830019,0.213285695,0.720206416
2.874277148,1.646708272,3.32908132,-0.471259267,-0.753868343,-0.626160254,0.016828793,0.241260919,0.727389564
2.496391539,1.495869464,3.090920777,-0.483493265,-0.699455049,-0.658163629,0.017229175,0.231189838,0.695262304
2.616855227,1.371888575,2.759595961,-0.618556601,-0.749333902,-0.654963292,0.242844375,0.376661,0.683759152
2.72612868,1.406029704,2.778754041,-0.611705563,-0.758402784,-0.690167005,0.343340232,0.390089107,0.696539476
2.483596053,1.324513672,2.520648557,-0.611705563,-0.812816077,-0.738172068,0.485075425,0.409112259,0.705442013
2.341822064,1.369189745,2.4249907,-0.755577378,-0.892168797,-0.792577807,0.59157701,0.478490813,0.725098831
2.38034811,1.78346787,2.453465135,-0.877917357,-0.991926501,-0.923791647,0.836610732,0.468419733,0.74171282
2.410173225,2.008116586,2.404652119,-0.842683443,-0.996460942,-0.917390972,1.001968457,0.607176841,0.823158041
2.44900171,2.156841814,2.248109437,-0.850023841,-1.000995383,-0.930192322,0.881253314,0.648580172,0.888912457
2.906265864,2.224896441,2.335762801,-0.947895824,-1.023667589,-0.965396035,1.105066796,0.593748734,0.951317391
2.634699114,2.907328851,2.623260929,-0.897002393,-0.919375443,-0.962195698,1.07423739,0.620604948,0.973617858
2.392655041,3.141602185,2.428008853,-0.74334338,-0.858160488,-0.939793335,1.055019058,0.753767012,1.020465405
2.270702424,3.417722376,2.306238808,-0.721811544,-0.871763812,-0.888587934,0.915686157,0.829859619,0.983710416
2.281287781,3.250918812,2.353214775,-0.816747367,-0.880832694,-0.850183883,1.050214476,0.853358807,1.057574386
2.097753977,3.09855188,2.208087984,-0.950831984,-1.037270912,-0.984598061,1.218575064,0.899238173,1.146995744
2.007766811,3.082976896,2.084349541,-1.160278028,-1.295734056,-1.343035867,1.493637429,0.854477816,1.233772375
1.504066675,2.541238514,1.71903938,-1.196001302,-1.266260189,-1.36543823,1.442388546,0.865667905,1.231568798
1.603941262,2.470485056,1.769033303,-1.179852424,-1.248122424,-1.448647007,1.23459034,0.870143941,1.226236311
1.577303386,2.437059171,1.675606331,-1.338894397,-1.329742364,-1.503052745,1.309061373,0.805241423,1.246068511
1.571161552,2.439205295,1.584934814,-1.316873201,-1.322940702,-1.535056121,1.329280659,0.836573673,1.346110725
1.434180055,2.232342387,1.476942672,-1.325681679,-1.334276805,-1.634266585,1.403351311,0.924975379,1.386700456
1.462981531,2.368711821,1.458440917,-1.387341028,-1.443103392,-1.765480425,1.526268554,1.063732487,1.43398915
1.529122563,2.498188209,1.458309765,-1.589446674,-1.549662758,-1.906295278,1.903027921,1.055899424,1.414553983
1.499111332,2.410949242,1.424980351,-1.715212172,-1.55873164,-1.947899666,1.721254539,1.128635005,1.521692189
1.550037367,2.946574716,1.572862807,-1.688297376,-1.508852788,-1.813485489,1.659395535,1.065970505,1.511776089
1.417801832,2.728266935,1.40477291,-1.649637943,-1.506585568,-1.736677387,1.442989119,0.946236549,1.366912371
1.202465429,2.565039582,1.224348505,-1.710318573,-1.583671067,-1.970302029,1.501645067,0.966378709,1.37356722
1.180875954,2.671039581,1.209258542,-1.835594711,-1.579136625,-2.027908105,1.551292423,1.089469692,1.359023391
0.914143571,2.255103338,0.898141167,-1.862998866,-1.617679375,-1.935098316,1.649185797,1.042471317,1.239853734
0.733275882,1.702862362,1.05429021,-1.835594711,-1.549662758,-1.698273337,1.326878368,0.894762137,1.039195816
0.613663675,1.520483615,0.967161637,-1.878169024,-1.47484448,-1.499852408,1.522464926,0.816431512,0.764410314
0.766839606,1.70435814,1.122654749,-2.028402518,-1.375086775,-1.519054433,1.258212872,0.640747109,0.881772349
0.778392767,1.660722383,1.018074177,-1.663340021,-1.320673482,-1.512653758,0.96052893,0.572487564,0.694909388
0.819852469,1.775696653,1.189969507,-1.72744617,-1.307070159,-1.375039243,1.056420395,0.337495687,0.489535509
0.877767167,1.758235921,1.177635012,-1.722552571,-1.35468179,-1.435845657,1.123484363,0.360994875,0.639115182
0.871381056,1.734662284,1.163069829,-1.635935865,-1.429500069,-1.493451733,1.18394203,0.352042804,0.622500122
1.001678657,1.912748977,1.887785405,-1.602170031,-1.418163966,-1.442246332,1.353103382,0.505347028,0.769082159
1.168313112,1.994557736,2.146677972,-1.647191144,-1.672092668,-1.755879413,1.76149292,0.592629725,0.898696214
1.189088329,1.987501759,2.116235559,-1.647191144,-1.592739949,-1.762280088,1.815744667,0.638509091,0.999663759
1.569323655,2.031397496,2.344160724,-1.647191144,-1.481646141,-1.656668948,1.520463016,0.640747109,0.925536179
1.443695244,1.861342201,2.075164338,-1.647191144,-1.422698407,-1.618264898,1.245600842,0.620604948,0.970268376
1.355429652,1.746758099,1.940534993,-1.562531878,-1.39322454,-1.531855783,1.167926754,0.731386833,0.897594426
1.227056027,1.782850072,1.867052975,-1.626638027,-1.422698407,-1.61506456,1.26822242,0.820907548,0.970312491
1.224194491,1.775371578,2.073852279,-1.745552487,-1.420431186,-1.653468611,1.389538135,0.853358807,1.115219249
1.318066832,1.823494273,1.9637606,-1.798892717,-1.332009585,-1.535056121,1.365915603,0.756005029,1.152724182
1.367224764,1.799400478,1.969009231,-1.702488814,-1.282130732,-1.368638568,1.043407983,0.58703468,1.030954995
1.358500569,1.775664304,1.851831676,-1.588467954,-1.236786321,-1.291830466,0.988956045,0.536679278,0.895963262
1.390303169,1.763796119,1.835298306,-1.576233956,-1.379621216,-1.36543823,1.032597672,0.560178466,0.743299867
1.510138715,1.738564166,1.868758871,-1.640340105,-1.406827863,-1.384640256,1.212168954,0.705649627,0.883624086
1.462679092,1.680816853,1.801050473,-1.648659223,-1.497516685,-1.467849032,1.129890474,0.711244672,0.901208593
1.329931737,1.597187439,1.652249585,-1.720595131,-1.579136625,-1.515854096,1.388537181,0.548988376,0.894686091
1.147979921,1.425473828,1.504104641,-1.676063379,-1.449905054,-1.407042619,1.223780029,0.441563518,0.938095925
0.989536903,1.288746775,1.527723875,-1.61097851,-1.413629525,-1.419843969,1.063026696,0.653056207,1.141354452
1.099147693,1.319343642,1.567876467,-1.710807933,-1.438568951,-1.509453421,1.144504413,0.578082609,1.187232553
0.990474464,1.235844218,1.422224884,-1.705914333,-1.47484448,-1.563859159,1.118479589,0.504228019,1.208915415
0.963829608,1.200695122,1.371049843,-1.755339685,-1.524723332,-1.650268273,1.222779074,0.526608198,1.099662933
0.748051179,0.930980165,1.236814151,-1.763658803,-1.456706715,-1.643867598,1.203760934,0.556821439,1.03760984
0.784529947,0.94951396,1.292056903,-1.698573935,-1.39322454,-1.586261522,1.025590989,0.683269449,1.0324097
0.805635521,0.731465956,1.185639308,-1.688786736,-1.390957319,-1.62786591,0.915886348,0.651937198,0.94219428
0.89291237,0.757250615,1.315413649,-1.715212172,-1.359216231,-1.7462784,1.010376477,0.804122414,0.866567879
0.922307092,0.832686291,1.33653972,-1.700531374,-1.363750672,-1.765480425,0.956725302,0.99771096,0.932322295
0.90447251,0.79305006,1.298748942,-1.706403693,-1.429500069,-1.893493928,1.314466529,0.9025952,0.740787489
0.853036981,0.681945127,1.252953869,-1.696127135,-1.452172274,-1.909495616,1.446592556,1.076041585,0.573271464
0.771718176,0.513125328,0.994323803,-1.78127576,-1.51792167,-1.98310338,1.631368802,1.041352308,0.589534683
0.702552756,0.42624428,0.869141952,-1.948636851,-1.55873164,-1.87749224,1.75108299,1.010020058,0.648678366
0.676987374,0.371943589,0.773746793,-1.878169024,-1.449905054,-1.887093253,1.570710945,0.908190245,0.463004345
0.647078506,0.250563789,0.69567218,-1.852232948,-1.427232848,-1.787882788,1.210967808,0.971973754,0.579442125
0.447268844,0.301515304,0.837780923,-1.95989213,-1.424965628,-1.797483801,1.293846861,0.768314128,0.487905421
0.539273044,0.269877822,0.805370126,-1.924658216,-1.384155657,-1.803884476,1.478022535,0.808598449,0.403463634
0.525067728,0.173794973,0.644759719,-1.835105351,-1.388690099,-1.794283463,1.408956657,0.801884396,0.538852395
0.400355938,0.168007242,0.615629366,-1.857615907,-1.329742364,-1.714275024,1.281234831,0.822026557,0.636779262
0.38259813,0.204814653,0.607493826,-1.857615907,-1.325207923,-1.743078062,1.260214782,0.654175216,0.569789639
0.457188836,0.273649617,0.549889247,-1.78372256,-1.39549176,-1.899894603,1.321473212,0.80747944,0.555114543
0.386069196,0.322975462,0.608543594,-1.833147911,-1.458973936,-1.960701017,1.38633508,1.040233299,0.607559262
0.408382198,0.533154705,0.752620735,-1.926615655,-1.524723332,-2.031108443,1.530272373,1.189061488,0.589842413
0.624953947,0.633529706,0.788836756,-1.911445498,-1.449905054,-2.005505742,1.70043468,1.21815572,0.648413681
0.691195017,0.587065128,0.737530576,-1.906062539,-1.463508377,-2.12711857,1.469614515,1.24948797,0.672829495
0.734743873,0.611159121,0.877277597,-1.944721972,-1.488447803,-2.136719582,1.59493405,1.124158969,0.700285985
0.714924828,0.625921023,0.893942107,-1.946679412,-1.508852788,-2.223128697,1.612751044,1.154372211,0.818618543
0.694414827,0.767590477,0.973197733,-1.922700776,-1.51565445,-2.050310468,1.583923547,1.371459944,0.836907806
0.717886401,0.936540363,1.089194183,-1.965764448,-1.495249465,-1.887093253,1.710043846,1.355793819,0.77234341
0.853178895,0.946327516,1.096017559,-1.890892381,-1.377353996,-1.765480425,1.546087458,1.351317783,0.733119078
0.871399668,1.227552843,1.212801277,-1.797913998,-1.300268497,-1.650268273,1.35250281,1.278582203,0.684288526
1.051481016,1.202385983,1.198367443,-1.771977922,-1.275329071,-1.637466923,1.205963034,1.284177247,0.687329208
1.054437937,1.079055047,1.063213122,-1.736744008,-1.241320762,-1.643867598,1.243198551,1.322223551,0.51875551
0.946534763,1.144345947,1.051403406,-1.702488814,-1.141563058,-1.599062872,1.156916252,1.342365712,0.656170315
0.968394107,1.168472289,1.044973854,-1.652084743,-1.078080882,-1.35263688,1.035200154,1.334532649,0.66000506
0.992047145,1.107180912,0.986319507,-1.720595131,-1.093951426,-1.288630129,1.108670233,1.384888051,0.684332642
0.940572067,1.159985826,1.046417263,-1.720595131,-0.964719854,-1.080608187,0.938107544,1.241654908,0.562694723
0.94072096,1.474441952,1.187082703,-1.560574439,-0.892168797,-1.016601436,0.859032119,1.312152471,0.587375221
1.066770459,1.529913151,1.283790119,-1.534638363,-0.908039341,-0.990998736,0.860633646,1.372578953,0.482792433
1.062319956,1.604080679,1.436002787,-1.555680839,-0.849091606,-0.898188946,0.928097996,1.513574079,0.63171039
1.035949622,1.43480572,1.241406851,-1.543936201,-0.8264194,-0.949394347,1.003369793,1.628831999,0.686447993
0.988699381,1.384504353,1.136170151,-1.536595803,-0.733463358,-0.891788271,0.957726257,1.415101293,0.655553789
0.968228929,1.408273075,1.143780807,-1.461723736,-0.710791152,-0.923791647,0.898669927,1.675830375,0.765423876
0.973179619,1.306662573,0.983695192,-1.519957566,-0.740265019,-0.853384221,0.95632492,1.698210553,0.874898002
0.893363701,1.160050921,0.934226048,-1.642786904,-0.819617739,-0.923791647,1.100662595,1.623236955,0.904646302
0.853385949,1.314986694,0.998522666,-1.66872298,-0.874031032,-0.987798398,1.100862786,1.659045241,0.945368379
0.8429332,1.223065707,0.884756904,-1.489617251,-0.706256711,-0.834182195,0.942912127,1.695972536,0.841756109
0.766681407,1.249240533,0.891580279,-1.489617251,-0.613300668,-0.84058287,0.560547413,1.706043616,0.882169381
0.75205035,1.171333657,0.840142948,-1.529255404,-0.633705653,-0.878986921,0.513302348,1.710519652,0.900679218
0.712170309,1.244525764,0.844341811,-1.483255572,-0.588361242,-0.843783208,0.478469123,1.683663437,0.845766233
0.77810196,1.18469762,0.817310981,-1.419638783,-0.533947949,-0.725370718,0.435227878,1.798921358,0.932542865
0.746864688,1.025795068,0.732413084,-1.49500021,-0.601964565,-0.770175444,0.515504449,1.779898206,0.945984905
0.661113992,0.89381513,0.674546109,-1.43627702,-0.465931332,-0.57815519,0.536924881,1.753041991,0.906717537
0.587584148,0.916315705,0.666148186,-1.407404785,-0.490870758,-0.638961604,0.591777201,1.632189026,0.900723334
0.56909816,0.889945796,0.641479276,-1.428447261,-0.413785259,-0.555752827,0.753331297,1.31327148,0.880406947
0.538221488,0.816526053,0.646859151,-1.281149927,-0.187063203,-0.392535612,0.660642887,1.187942479,0.806850706
0.549237238,0.818769622,0.621271742,-1.224873537,-0.200666527,-0.462943038,0.680261601,1.349079765,0.889133031
0.557410064,0.829629841,0.616416646,-1.308064722,-0.409250818,-0.526949789,0.752730724,1.20808464,0.858987699
0.556439934,0.863023178,0.667460337,-1.287511606,-0.372975289,-0.488545739,0.669251098,1.077160594,0.922582653
0.591125008,0.906788727,0.641085649,-1.257171291,-0.431923024,-0.558953165,0.5409287,0.959664656,0.976482077
0.565396774,0.902496676,0.644497231,-1.32274552,-0.429655803,-0.568554178,0.528917243,1.043590326,0.991687623
0.574051176,0.916575883,0.656175611,-1.358468793,-0.527146287,-0.718970043,0.637620928,0.958545647,1.078860216
0.58820531,0.889815806,0.636492949,-1.400064386,-0.624636771,-0.693367343,0.633016536,1.093945728,1.111957993
0.578182955,0.894172751,0.622059009,-1.32078808,-0.552085713,-0.664564304,0.624007944,1.072684558,1.109710304
0.394856206,0.667313214,0.450951051,-1.344277356,-0.595162904,-0.648562617,0.657439832,1.109611853,1.157396027
0.394339733,0.544827805,0.352012855,-1.333511438,-0.561154595,-0.645362279,0.648231049,1.140944103,1.155589481
0.330059863,0.626018667,0.385342177,-1.325192319,-0.552085713,-0.584555865,0.589374909,1.168919327,1.162949087
0.347619923,0.608265209,0.360410791,-1.370213431,-0.277752026,-0.491746076,0.689870766,1.200251577,1.15232823
0.341557189,0.550062732,0.315271951,-1.200894901,-0.243743717,-0.405336962,0.71169158,0.987639879,1.124783508
0.364835668,0.695276343,0.367759051,-1.200894901,-0.282286467,-0.43414,0.29869765,1.088350683,1.090319248
0.374457874,0.675311866,0.333248717,-0.9762787,-0.223338732,-0.293325147,0.324522283,0.996591951,1.046512382
0.374239187,0.684676307,0.336529161,-0.996342456,-0.232407615,-0.29012481,0.165971051,1.089469692,1.089746833
0.371768495,0.623417477,0.30503698,-0.85834296,-0.184795983,-0.203715696,0.010622874,1.062613478,1.065154562
0.356911772,0.477813597,0.175787418,-0.85638552,-0.338966981,-0.456542363,0.055265456,1.436362462,1.042633525
0.259268253,0.413173043,0.117395559,-0.672386192,-0.388845833,-0.42133865,0.058468511,1.535954258,0.949069698
0.250611525,0.364204916,0.108472752,-0.504046381,-0.397914715,-0.373333586,-0.035220854,2.131267012,0.9048658
0.224983329,0.355718456,0.101124584,-0.317110893,-0.236942056,-0.210116371,-0.177556619,2.37521096,0.962952885
0.222752261,0.350385888,0.091283253,-0.251047305,-0.21426985,-0.107705569,-0.272847511,1.932083421,0.867097253
0.243981136,0.417660179,0.141539572,-0.205047473,-0.270950364,-0.142909282,-0.321694103,2.008176029,0.950480292
0.342203942,0.496347392,0.213709334,-0.081728774,-0.325363657,-0.187714008,-0.304477681,1.981319814,0.879965803
0.339298204,0.480187254,0.20321198,0.18448302,-0.372975289,-0.226118059,-0.486251063,2.014890082,0.921040793
0.35748408,0.460287866,0.138259129,-0.181068837,-0.420586921,-0.392535612,-0.200378387,1.887323064,0.926549737
0.346177523,0.504703765,0.155317475,-0.079771334,-0.472732994,-0.392535612,-0.20298087,1.969010716,1.043691199
0.378222073,0.451801308,0.091414405,-0.197707074,-0.556620154,-0.370133249,-0.137318238,1.98579585,1.132891982
0.361718222,0.36735891,0.096794372,-0.242238826,-0.490870758,-0.430939663,-0.155135233,2.005938011,1.181062967
0.286625003,0.364237464,0.06254654,-0.007835427,-0.450060788,-0.382934599,-0.268843692,1.598618758,1.138445042
0.275490603,0.350906147,0.066089367,0.105206714,-0.422854141,-0.350931224,-0.441808672,1.577357588,1.197104542
0.25535516,0.34310248,0.0512618,0.100802474,-0.363906407,-0.206916033,-0.410578884,1.661283259,1.220506793
0.355671773,0.576270103,0.216989778,0.116951352,-0.465931332,-0.414937975,-0.44981631,1.346841748,1.205786506
0.505841928,0.588626002,0.273544707,0.114015192,-0.420586921,-0.149309957,-0.483048008,1.325580578,1.263079528
0.540215257,0.486690326,0.201637328,0.188397899,-0.343501422,-0.030897467,-0.78493596,1.409506248,1.274406221
0.530786147,0.438665073,0.171326067,0.505503124,-0.298157011,0.068312997,-0.831780642,1.48112282,1.253648691
0.554099523,0.436161426,0.147181949,0.639587741,-0.384311392,-0.002094429,-0.891237355,1.580714615,1.243291444
0.595238175,0.487958373,0.209904112,0.546609357,-0.479534655,-0.034097805,-0.683439149,1.311033462,1.238488332
0.747101987,0.488803802,0.222107362,0.685098213,-0.431923024,-0.14610962,-0.862209667,1.632189026,1.332712801
0.745380412,0.486917856,0.186941005,0.606800627,-0.450060788,-0.261321772,-0.799349709,1.672473348,1.412218058
0.715941488,0.453849789,0.15033124,0.543183838,-0.406983597,-0.210116371,-0.691446787,1.723947759,1.401376627
0.709504195,0.445883487,0.145476144,0.76388516,-0.37524251,-0.165311645,-0.845193436,1.396078141,1.390798811
0.703185551,0.401077323,0.116345791,0.777587237,-0.420586921,-0.187714008,-0.888835063,1.679187402,1.296353768
0.690629689,0.330096335,0.071731743,0.783948916,-0.484069096,-0.178112995,-0.885632008,1.532597231,1.308341103
0.594665868,0.293841728,0.063333807,0.744310763,-0.436457465,-0.190914345,-0.868015204,1.411744266,1.314379422
0.581574922,0.278169301,0.055592012,0.815267951,-0.307225893,-0.04049848,-0.941685474,1.4285294,1.332359884
0.546531575,0.275990726,0.058741212,1.028139514,-0.275484805,0.039509959,-1.163296855,1.377054989,1.378502675
0.454499457,0.247702424,0.019507131,0.828480669,-0.223338732,0.145121098,-1.021761854,1.435243454,1.43539974
0.44984888,0.150383871,-0.079824705,0.885735779,-0.250545379,0.135520086,-1.099636133,1.453147597,1.480087825
0.356858264,0.117770971,-0.111448222,0.766331959,-0.298157011,0.273134601,-1.054593169,1.201370586,1.475724781
0.328680277,0.103301694,-0.135723492,0.750183082,-0.21426985,0.330740677,-1.036776175,1.189061488,1.475901239
0.320660996,-0.005527223,-0.176794609,0.861757143,0.021521088,0.525961268,-1.095432123,1.278582203,1.386523998
0.3080493,-0.162836555,-0.223901781,1.011011917,0.064598278,0.50995958,-1.143878333,1.238297881,1.391812368
0.250095052,-0.095562266,-0.186373557,1.039394792,0.125813233,0.564365319,-1.421943562,1.214798693,1.390535197
0.320016569,-0.114681315,-0.20894297,1.22339412,0.180226527,0.644373758,-1.527043811,0.994353933,1.323722032
0.293264697,-0.051373901,-0.153831502,1.164181571,0.114477131,0.599569032,-1.87257339,1.035757263,1.423059489
0.318623024,-0.042074459,-0.146089708,1.036947993,0.062331058,0.573966332,-1.793297774,1.090588701,1.445711796
0.308019056,-0.157146366,-0.220096505,0.902863376,0.012452206,0.50995958,-1.602515799,1.154372211,1.463913908
0.299632196,-0.114161056,-0.188341784,0.81967219,-0.134917131,0.385146415,-1.435756738,1.246130943,1.523278161
0.37312947,-0.174444564,-0.205662526,0.803523313,-0.259614261,0.241131225,-1.406328668,1.305438417,1.498201706
0.310257103,-0.165535287,-0.199495332,0.954735527,-0.223338732,0.36594439,-1.475194355,1.448671561,1.503666535
0.350602434,-0.166445714,-0.199101639,1.027160794,-0.230140394,0.375545403,-1.570285056,1.513574079,1.536190827
0.388914447,-0.117997846,-0.128375285,0.693906692,-0.329898099,0.314738989,-1.196128171,1.542668311,1.63354528
0.441241007,-0.120729123,-0.133492764,0.668459976,-0.443259126,0.253932575,-1.110046063,1.382650034,1.657872866
0.4421111,-0.140563513,-0.155799795,0.710055569,-0.429655803,0.285935951,-1.254183546,1.510217052,1.713975868
0.432663378,-0.160592988,-0.142153136,0.781991477,-0.411518039,0.020307934,-1.227357959,1.574000562,1.696170788
0.429052725,-0.103333483,-0.07444483,0.801076513,-0.314027555,0.09071536,-1.251781255,1.528121195,1.669111324
0.506079226,-0.15142363,-0.068539965,0.785416996,-0.223338732,0.356343377,-1.334059735,1.525883177,1.64205079
0.506118776,-0.329477779,-0.206712295,0.793246755,-0.246010938,0.404348441,-1.451571823,1.399435168,1.6157402
0.358786893,-0.325023191,-0.195296364,0.771225558,-0.350303084,0.186725487,-1.335260881,1.300962381,1.606221131
0.312292748,-0.370967363,-0.214060449,0.807438192,-0.25507982,0.167523461,-1.289417153,1.29201031,1.569906214
0.270344491,-0.438924497,-0.24647126,0.890140018,-0.21426985,0.186725487,-1.426347763,1.271868149,1.58365598
0.275914017,-0.484348459,-0.282293692,0.950820647,-0.280019246,0.049110972,-1.417739552,1.466575704,1.608292367
0.267759803,-0.387550217,-0.240041616,0.967948244,-0.291355349,0.026708609,-1.410732869,1.587428669,1.617679088
0.307667762,-0.358091306,-0.192147111,0.828480669,-0.352570304,-0.059700506,-1.207539055,1.389364087,1.671050217
0.321786999,-0.346093132,-0.194115404,0.901395296,-0.368440848,-0.117306582,-1.219350321,1.431886427,1.677837409
0.308784459,-0.388330602,-0.237942132,0.945927048,-0.372975289,-0.139708945,-1.407529814,1.41845832,1.661750643
0.272484827,-0.386184578,-0.243190816,0.958650406,-0.427388582,-0.238919409,-1.342868137,1.531478222,1.690485385
0.287439261,-0.342126254,-0.212485849,0.894544257,-0.425121362,-0.194114683,-1.291419063,1.666878303,1.695730715
0.306236994,-0.266300407,-0.142021931,0.849033785,-0.454595229,-0.264522109,-1.23396426,1.632189026,1.794627029
0.367904258,-0.258041528,-0.154487631,0.859310343,-0.561154595,-0.117306582,-1.143077569,1.635546053,1.821554146
0.323541144,-0.362513399,-0.180468745,0.975778003,-0.558887375,-0.190914345,-1.332057826,1.926488376,1.74680896
0.319416344,-0.324860604,-0.104231206,0.956692966,-0.552085713,-0.270922785,-1.295623073,1.794445322,1.778540264
0.348773843,-0.325315816,-0.114728666,1.020309755,-0.404716377,-0.152510295,-1.381304799,1.789969286,1.761220447
0.365740658,-0.315236035,-0.148189192,1.006607678,-0.289088129,-0.01489578,-1.63855017,1.899632162,1.731736832
