Date,Price,,Date
08/01/15,,,1/8/15
08/02/15,,,2/8/15
08/03/15,1089.82,,3/8/15
08/04/15,1080.69,,4/8/15
08/05/15,1081.62,,5/8/15
08/06/15,1080.27,,6/8/15
08/07/15,1085.7,,7/8/15
08/08/15,,,8/8/15
08/09/15,,,9/8/15
08/10/15,1089.86,,10/8/15
08/11/15,1099.27,,11/8/15
08/12/15,1108.19,,12/8/15
08/13/15,1117,,13/08/15
08/14/15,1110.23,,14/08/15
08/15/15,,,15/08/15
08/16/15,,,16/08/15
08/17/15,1111.76,,17/08/15
08/18/15,1113.7,,18/08/15
08/19/15,1113.74,,19/08/15
08/20/15,1131.64,,20/08/15
08/21/15,1154.07,,21/08/15
08/22/15,,,22/08/15
08/23/15,,,23/08/15
08/24/15,1154.4,,24/08/15
08/25/15,1147.98,,25/08/15
08/26/15,1132.79,,26/08/15
08/27/15,1121.99,,27/08/15
08/28/15,1125.51,,28/08/15
08/29/15,,,29/08/15
08/30/15,,,30/08/15
08/31/15,1128.38,,31/08/15
09/01/15,1134.9,,1/9/15
09/02/15,1135.69,,2/9/15
09/03/15,1128.03,,3/9/15
09/04/15,1120.18,,4/9/15
09/05/15,,,5/9/15
09/06/15,,,6/9/15
09/07/15,1117.61,,7/9/15
09/08/15,1116.12,,8/9/15
09/09/15,1118.03,,9/9/15
09/10/15,1102.2,,10/9/15
09/11/15,1105.91,,11/9/15
09/12/15,,,12/9/15
09/13/15,,,13/09/15
09/14/15,1102.33,,14/09/15
09/15/15,1102.53,,15/09/15
09/16/15,1101.81,,16/09/15
09/17/15,1115.29,,17/09/15
09/18/15,1125.41,,18/09/15
09/19/15,,,19/09/15
09/20/15,,,20/09/15
09/21/15,1133.36,,21/09/15
09/22/15,1129.32,,22/09/15
09/23/15,1119.95,,23/09/15
09/24/15,1129.29,,24/09/15
09/25/15,1143.27,,25/09/15
09/26/15,,,26/09/15
09/27/15,,,27/09/15
09/28/15,,,28/09/15
09/29/15,1125.1,,29/09/15
09/30/15,1120.48,,30/09/15
10/01/15,1109.37,,1/10/15
10/02/15,1106.21,,2/10/15
10/03/15,,,3/10/15
10/04/15,,,4/10/15
10/05/15,1131.43,,5/10/15
10/06/15,1131.94,,6/10/15
10/07/15,1143.71,,7/10/15
10/08/15,1139.32,,8/10/15
10/09/15,1140.51,,9/10/15
10/10/15,,,10/10/15
10/11/15,,,11/10/15
10/12/15,1155.97,,12/10/15
10/13/15,1152.44,,13/10/15
10/14/15,1167.51,,14/10/15
10/15/15,1179.25,,15/10/15
10/16/15,1174.12,,16/10/15
10/17/15,,,17/10/15
10/18/15,,,18/10/15
10/19/15,1169.35,,19/10/15
10/20/15,1166.89,,20/10/15
10/21/15,1171.95,,21/10/15
10/22/15,1162.38,,22/10/15
10/23/15,1165.13,,23/10/15
10/24/15,,,24/10/15
10/25/15,,,25/10/15
10/26/15,1160,,26/10/15
10/27/15,1160.16,,27/10/15
10/28/15,1163.68,,28/10/15
10/29/15,1155.13,,29/10/15
10/30/15,1143.06,,30/10/15
10/31/15,,,31/10/15
11/01/15,,,1/11/15
11/02/15,1136.22,,2/11/15
11/03/15,1131.18,,3/11/15
11/04/15,1115.91,,4/11/15
11/05/15,1104.97,,5/11/15
11/06/15,1103.81,,6/11/15
11/07/15,,,7/11/15
11/08/15,,,8/11/15
11/09/15,1087.85,,9/11/15
11/10/15,1088.24,,10/11/15
11/11/15,1086.63,,11/11/15
11/12/15,1083.42,,12/11/15
11/13/15,1079.31,,13/11/15
11/14/15,,,14/11/15
11/15/15,,,15/11/15
11/16/15,1087.69,,16/11/15
11/17/15,1078.54,,17/11/15
11/18/15,1065.74,,18/11/15
11/19/15,1071.4,,19/11/15
11/20/15,1078.26,,20/11/15
11/21/15,,,21/11/15
11/22/15,,,22/11/15
11/23/15,1067.53,,23/11/15
11/24/15,1067.43,,24/11/15
11/25/15,1072.86,,25/11/15
11/26/15,1067.85,,26/11/15
11/27/15,1064.6,,27/11/15
11/28/15,,,28/11/15
11/29/15,,,29/11/15
11/30/15,1051.97,,30/11/15
12/01/15,1065.46,,1/12/15
12/02/15,1064.27,,2/12/15
12/03/15,1047.09,,3/12/15
12/04/15,1057.34,,4/12/15
12/05/15,,,5/12/15
12/06/15,,,6/12/15
12/07/15,1080.58,,7/12/15
12/08/15,1068.16,,8/12/15
12/09/15,1072.62,,9/12/15
12/10/15,1069.65,,10/12/15
12/11/15,1065.1,,11/12/15
12/12/15,,,12/12/15
12/13/15,,,13/12/15
12/14/15,1069.01,,14/12/15
12/15/15,1058.97,,15/12/15
12/16/15,1059.76,,16/12/15
12/17/15,1063.94,,17/12/15
12/18/15,1049.8,,18/12/15
12/19/15,,,19/12/15
12/20/15,,,20/12/15
12/21/15,1064.78,,21/12/15
12/22/15,1073.86,,22/12/15
12/23/15,1069.51,,23/12/15
12/24/15,1068.8,,24/12/15
12/25/15,,,25/12/15
12/26/15,,,26/12/15
12/27/15,,,27/12/15
12/28/15,,,28/12/15
12/29/15,1067.27,,29/12/15
12/30/15,1065.57,,30/12/15
12/31/15,1057.65,,31/12/15
01/04/16,1061.56,,4/1/16
01/05/16,1072.13,,5/1/16
01/06/16,1075.24,,6/1/16
01/07/16,1092.88,,7/1/16
01/08/16,1100.06,,8/1/16
01/09/16,,,9/1/16
01/10/16,,,10/1/16
01/11/16,1100.51,,11/1/16
01/12/16,1092.06,,12/1/16
01/13/16,1080.06,,13/01/16
01/14/16,1088.2,,14/01/16
01/15/16,1075.87,,15/01/16
01/16/16,,,16/01/16
01/17/16,,,17/01/16
01/18/16,1086.59,,18/01/16
01/19/16,1084.79,,19/01/16
01/20/16,1087.22,,20/01/16
01/21/16,1096.7,,21/01/16
01/22/16,1094.51,,22/01/16
01/23/16,,,23/01/16
01/24/16,,,24/01/16
01/25/16,1097.1,,25/01/16
01/26/16,,,26/01/16
01/27/16,1115.29,,27/01/16
01/28/16,1116.01,,28/01/16
01/29/16,1109.59,,29/01/16
01/30/16,,,30/01/16
01/31/16,,,31/01/16
02/01/16,1116.19,,1/2/16
02/02/16,1122.37,,2/2/16
02/03/16,1123.05,,3/2/16
02/04/16,1137.52,,4/2/16
02/05/16,1151.4,,5/2/16
02/06/16,,,6/2/16
02/07/16,,,7/2/16
02/08/16,1162.29,,8/2/16
02/09/16,1187.24,,9/2/16
02/10/16,1185.81,,10/2/16
02/11/16,1204.69,,11/2/16
02/12/16,1234.35,,12/2/16
02/13/16,,,13/02/16
02/14/16,,,14/02/16
02/15/16,1216.09,,15/02/16
02/16/16,1194.95,,16/02/16
02/17/16,1199.43,,17/02/16
02/18/16,1203.15,,18/02/16
02/19/16,1222.39,,19/02/16
02/20/16,,,20/02/16
02/21/16,,,21/02/16
02/22/16,1211.2,,22/02/16
02/23/16,1212.71,,23/02/16
02/24/16,1223.31,,24/02/16
02/25/16,1229.97,,25/02/16
02/26/16,1232.09,,26/02/16
02/27/16,,,27/02/16
02/28/16,,,28/02/16
02/29/16,1221.6,,29/02/16
03/01/16,1238.11,,1/3/16
03/02/16,1224.05,,2/3/16
03/03/16,1235.45,,3/3/16
03/04/16,1258.32,,4/3/16
03/05/16,,,5/3/16
03/06/16,,,6/3/16
03/07/16,,,7/3/16
03/08/16,1266.1,,8/3/16
03/09/16,1253.45,,9/3/16
03/10/16,1244.86,,10/3/16
03/11/16,1268.25,,11/3/16
03/12/16,,,12/3/16
03/13/16,,,13/03/16
03/14/16,1249.83,,14/03/16
03/15/16,1226.23,,15/03/16
03/16/16,1227.93,,16/03/16
03/17/16,1254.28,,17/03/16
03/18/16,1257.27,,18/03/16
03/19/16,,,19/03/16
03/20/16,,,20/03/16
03/21/16,1244.63,,21/03/16
03/22/16,1245.9,,22/03/16
03/23/16,1235.58,,23/03/16
03/24/16,1214.12,,24/03/16
03/25/16,,,25/03/16
03/26/16,,,26/03/16
03/27/16,,,27/03/16
03/28/16,,,28/03/16
03/29/16,1214.55,,29/03/16
03/30/16,1234.87,,30/03/16
03/31/16,1224.79,,31/03/16
04/01/16,1227.8,,1/4/16
04/02/16,,,2/4/16
04/03/16,,,3/4/16
04/04/16,1213.57,,4/4/16
04/05/16,1221.41,,5/4/16
04/06/16,1224.48,,6/4/16
04/07/16,1222.15,,7/4/16
04/08/16,1231.88,,8/4/16
04/09/16,,,9/4/16
04/10/16,,,10/4/16
04/11/16,1244.87,,11/4/16
04/12/16,1252.44,,12/4/16
04/13/16,1246.79,,13/04/16
04/14/16,1230.47,,14/04/16
04/15/16,1224.38,,15/04/16
04/16/16,,,16/04/16
04/17/16,,,17/04/16
04/18/16,1231.22,,18/04/16
04/19/16,1229.72,,19/04/16
04/20/16,1245.86,,20/04/16
04/21/16,1247.2,,21/04/16
04/22/16,1243.58,,22/04/16
04/23/16,,,23/04/16
04/24/16,,,24/04/16
04/25/16,,,25/04/16
04/26/16,1232.1,,26/04/16
04/27/16,1240.93,,27/04/16
04/28/16,1243.15,,28/04/16
04/29/16,1268.98,,29/04/16
04/30/16,,,30/04/16
05/01/16,,,1/5/16
05/02/16,1289.99,,2/5/16
05/03/16,1289.91,,3/5/16
05/04/16,1277.99,,4/5/16
05/05/16,1275.16,,5/5/16
05/06/16,1273.83,,6/5/16
05/07/16,,,7/5/16
05/08/16,,,8/5/16
05/09/16,1278.73,,9/5/16
05/10/16,1260.2,,10/5/16
05/11/16,1265.88,,11/5/16
05/12/16,1269.09,,12/5/16
05/13/16,1266.14,,13/05/16
05/14/16,,,14/05/16
05/15/16,,,15/05/16
05/16/16,1273.94,,16/05/16
05/17/16,1271.52,,17/05/16
05/18/16,1270.38,,18/05/16
05/19/16,1252.7,,19/05/16
05/20/16,1251.09,,20/05/16
05/21/16,,,21/05/16
05/22/16,,,22/05/16
05/23/16,1248.83,,23/05/16
05/24/16,1241.61,,24/05/16
05/25/16,1221.69,,25/05/16
05/26/16,1225.06,,26/05/16
05/27/16,1214.63,,27/05/16
05/28/16,,,28/05/16
05/29/16,,,29/05/16
05/30/16,1199.39,,30/05/16
05/31/16,1207.66,,31/05/16
06/01/16,1212.19,,1/6/16
06/02/16,1209.81,,2/6/16
06/03/16,1206.14,,3/6/16
06/04/16,,,4/6/16
06/05/16,,,5/6/16
06/06/16,,,6/6/16
06/07/16,1239.41,,7/6/16
06/08/16,1244.13,,8/6/16
06/09/16,1257.2,,9/6/16
06/10/16,1262.7,,10/6/16
06/11/16,,,11/6/16
06/12/16,,,12/6/16
06/13/16,1274.7,,13/06/16
06/14/16,1276.17,,14/06/16
06/15/16,1279.53,,15/06/16
06/16/16,1299.31,,16/06/16
06/17/16,1278.56,,17/06/16
06/18/16,,,18/06/16
06/19/16,,,19/06/16
06/20/16,1280.66,,20/06/16
06/21/16,1282,,21/06/16
06/22/16,1263.21,,22/06/16
06/23/16,1261.14,,23/06/16
06/24/16,1301.23,,24/06/16
06/25/16,,,25/06/16
06/26/16,,,26/06/16
06/27/16,1323.76,,27/06/16
06/28/16,1313.94,,28/06/16
06/29/16,1315.11,,29/06/16
06/30/16,1311.64,,30/06/16
07/01/16,1325.67,,1/7/16
07/02/16,,,2/7/16
07/03/16,,,3/7/16
07/04/16,1343.78,,4/7/16
07/05/16,1340.87,,5/7/16
07/06/16,1363.39,,6/7/16
07/07/16,1363.19,,7/7/16
07/08/16,1353.3,,8/7/16
07/09/16,,,9/7/16
07/10/16,,,10/7/16
07/11/16,1360.99,,11/7/16
07/12/16,1351.06,,12/7/16
07/13/16,1333.35,,13/07/16
07/14/16,1332.65,,14/07/16
07/15/16,1327.08,,15/07/16
07/16/16,,,16/07/16
07/17/16,,,17/07/16
07/18/16,1324.5,,18/07/16
07/19/16,1325.63,,19/07/16
07/20/16,1325.6,,20/07/16
07/21/16,1312.19,,21/07/16
07/22/16,1324.65,,22/07/16
07/23/16,,,23/07/16
07/24/16,,,24/07/16
07/25/16,1313.08,,25/07/16
07/26/16,1314.51,,26/07/16
07/27/16,1314.28,,27/07/16
07/28/16,1335.47,,28/07/16
07/29/16,1332.15,,29/07/16
07/30/16,,,30/07/16
07/31/16,,,31/07/16
08/01/16,1344.56,,1/8/16
08/02/16,1348.61,,2/8/16
08/03/16,1359.7,,3/8/16
08/04/16,1349.03,,4/8/16
08/05/16,1358.14,,5/8/16
08/06/16,,,6/8/16
08/07/16,,,7/8/16
08/08/16,1330.76,,8/8/16
08/09/16,1329.49,,9/8/16
08/10/16,1346.07,,10/8/16
08/11/16,1339.97,,11/8/16
08/12/16,1334.17,,12/8/16
08/13/16,,,13/08/16
08/14/16,,,14/08/16
08/15/16,1335.03,,15/08/16
08/16/16,1341.27,,16/08/16
08/17/16,1340.48,,17/08/16
08/18/16,1348.58,,18/08/16
08/19/16,1343.62,,19/08/16
08/20/16,,,20/08/16
08/21/16,,,21/08/16
08/22/16,1330.3,,22/08/16
08/23/16,1334.32,,23/08/16
08/24/16,1333.16,,24/08/16
08/25/16,1321.57,,25/08/16
08/26/16,1319.85,,26/08/16
08/27/16,,,27/08/16
08/28/16,,,28/08/16
08/29/16,1313.68,,29/08/16
08/30/16,1318.39,,30/08/16
08/31/16,1309.38,,31/08/16
09/01/16,1305.06,,1/9/16
09/02/16,1308.71,,2/9/16
09/03/16,,,3/9/16
09/04/16,,,4/9/16
09/05/16,1320.54,,5/9/16
09/06/16,1322.6,,6/9/16
09/07/16,1346.43,,7/9/16
09/08/16,1342.44,,8/9/16
09/09/16,1333.2,,9/9/16
09/10/16,,,10/9/16
09/11/16,,,11/9/16
09/12/16,1324.04,,12/9/16
09/13/16,1325.29,,13/09/16
09/14/16,1315.95,,14/09/16
09/15/16,1318.1,,15/09/16
09/16/16,1310.82,,16/09/16
09/17/16,,,17/09/16
09/18/16,,,18/09/16
09/19/16,1310.7,,19/09/16
09/20/16,1311.03,,20/09/16
09/21/16,1312.78,,21/09/16
09/22/16,1329.21,,22/09/16
09/23/16,1331.43,,23/09/16
09/24/16,,,24/09/16
09/25/16,,,25/09/16
09/26/16,,,26/09/16
09/27/16,1331.92,,27/09/16
09/28/16,1320.91,,28/09/16
09/29/16,1319.13,,29/09/16
09/30/16,1319.42,,30/09/16
10/01/16,,,1/10/16
10/02/16,,,2/10/16
10/03/16,1311.58,,3/10/16
10/04/16,1306.11,,4/10/16
10/05/16,1267.73,,5/10/16
10/06/16,1261.54,,6/10/16
10/07/16,1250.83,,7/10/16
10/08/16,,,8/10/16
10/09/16,,,9/10/16
10/10/16,1257.21,,10/10/16
10/11/16,1254.54,,11/10/16
10/12/16,1251.61,,12/10/16
10/13/16,1254.57,,13/10/16
10/14/16,1252.14,,14/10/16
10/15/16,,,15/10/16
10/16/16,,,16/10/16
10/17/16,1249.77,,17/10/16
10/18/16,1254.13,,18/10/16
10/19/16,1258.28,,19/10/16
10/20/16,1266.57,,20/10/16
10/21/16,1259.57,,21/10/16
10/22/16,,,22/10/16
10/23/16,,,23/10/16
10/24/16,1260.94,,24/10/16
10/25/16,1261.74,,25/10/16
10/26/16,1270.74,,26/10/16
10/27/16,1262.97,,27/10/16
10/28/16,1265.52,,28/10/16
10/29/16,,,29/10/16
10/30/16,,,30/10/16
10/31/16,1272.46,,31/10/16
11/01/16,1273.63,,1/11/16
11/02/16,1287.72,,2/11/16
11/03/16,1296.24,,3/11/16
11/04/16,1295.85,,4/11/16
11/05/16,,,5/11/16
11/06/16,,,6/11/16
11/07/16,1286.08,,7/11/16
11/08/16,1279.28,,8/11/16
11/09/16,1303.9,,9/11/16
11/10/16,1279.8,,10/11/16
11/11/16,1254.76,,11/11/16
11/12/16,,,12/11/16
11/13/16,,,13/11/16
11/14/16,1215.23,,14/11/16
11/15/16,1221.71,,15/11/16
11/16/16,1224.99,,16/11/16
11/17/16,1222.86,,17/11/16
11/18/16,1206.41,,18/11/16
11/19/16,,,19/11/16
11/20/16,,,20/11/16
11/21/16,1209.43,,21/11/16
11/22/16,1215.18,,22/11/16
11/23/16,1210.72,,23/11/16
11/24/16,1182.79,,24/11/16
11/25/16,1178.2,,25/11/16
11/26/16,,,26/11/16
11/27/16,,,27/11/16
11/28/16,1190.77,,28/11/16
11/29/16,1189.32,,29/11/16
11/30/16,1187.43,,30/11/16
12/01/16,1168.93,,1/12/16
12/02/16,1171.65,,2/12/16
12/03/16,,,3/12/16
12/04/16,,,4/12/16
12/05/16,1173.18,,5/12/16
12/06/16,1169.59,,6/12/16
12/07/16,1166.09,,7/12/16
12/08/16,1173.73,,8/12/16
12/09/16,1165.55,,9/12/16
12/10/16,,,10/12/16
12/11/16,,,11/12/16
12/12/16,1153.87,,12/12/16
12/13/16,1159.36,,13/12/16
12/14/16,1157.95,,14/12/16
12/15/16,1138.12,,15/12/16
12/16/16,1127.88,,16/12/16
12/17/16,,,17/12/16
12/18/16,,,18/12/16
12/19/16,1136.07,,19/12/16
12/20/16,1134.36,,20/12/16
12/21/16,1132.06,,21/12/16
12/22/16,1128.49,,22/12/16
12/23/16,1127.93,,23/12/16
12/24/16,,,24/12/16
12/25/16,,,25/12/16
12/26/16,,,26/12/16
12/27/16,,,27/12/16
12/28/16,1139.08,,28/12/16
12/29/16,1144.99,,29/12/16
12/30/16,1157.55,,30/12/16
12/31/16,,,31/12/16
01/01/17,,,1/1/17
01/02/17,,,2/1/17
01/03/17,1151.76,,3/1/17
01/04/17,1157.14,,4/1/17
01/05/17,1170.32,,5/1/17
01/06/17,1175,,6/1/17
01/07/17,,,7/1/17
01/08/17,,,8/1/17
01/09/17,1172.23,,9/1/17
01/10/17,1181.61,,10/1/17
01/11/17,1185.46,,11/1/17
01/12/17,1195.07,,12/1/17
01/13/17,1191.44,,13/01/17
01/14/17,,,14/01/17
01/15/17,,,15/01/17
01/16/17,1200.36,,16/01/17
01/17/17,1205.35,,17/01/17
01/18/17,1211.06,,18/01/17
01/19/17,1199.32,,19/01/17
01/20/17,1203.53,,20/01/17
01/21/17,,,21/01/17
01/22/17,,,22/01/17
01/23/17,1213.21,,23/01/17
01/24/17,1213.33,,24/01/17
01/25/17,1203.72,,25/01/17
01/26/17,,,26/01/17
01/27/17,1182.53,,27/01/17
01/28/17,,,28/01/17
01/29/17,,,29/01/17
01/30/17,1190.43,,30/01/17
01/31/17,1196.24,,31/01/17
02/01/17,1207.12,,1/2/17
02/02/17,1211.26,,2/2/17
02/03/17,1211.06,,3/2/17
02/04/17,,,4/2/17
02/05/17,,,5/2/17
02/06/17,1220.55,,6/2/17
02/07/17,1230.09,,7/2/17
02/08/17,1230.88,,8/2/17
02/09/17,1237.86,,9/2/17
02/10/17,1221.84,,10/2/17
02/11/17,,,11/2/17
02/12/17,,,12/2/17
02/13/17,1227.53,,13/02/17
02/14/17,1224.78,,14/02/17
02/15/17,1223.54,,15/02/17
02/16/17,1231.52,,16/02/17
02/17/17,1235.19,,17/02/17
02/18/17,,,18/02/17
02/19/17,,,19/02/17
02/20/17,1231.94,,20/02/17
02/21/17,1231.7,,21/02/17
02/22/17,1233.29,,22/02/17
02/23/17,1234.18,,23/02/17
02/24/17,1247.63,,24/02/17
02/25/17,,,25/02/17
02/26/17,,,26/02/17
02/27/17,1253.77,,27/02/17
02/28/17,1250.26,,28/02/17
03/01/17,1241.94,,1/3/17
03/02/17,1243.59,,2/3/17
03/03/17,1229.54,,3/3/17
03/04/17,,,4/3/17
03/05/17,,,5/3/17
03/06/17,1231.23,,6/3/17
03/07/17,1222.84,,7/3/17
03/08/17,1213.64,,8/3/17
03/09/17,1203.64,,9/3/17
03/10/17,1195.68,,10/3/17
03/11/17,,,11/3/17
03/12/17,,,12/3/17
03/13/17,1204.4,,13/03/17
03/14/17,1200.3,,14/03/17
03/15/17,1199.34,,15/03/17
03/16/17,1221.36,,16/03/17
03/17/17,1224.01,,17/03/17
03/18/17,,,18/03/17
03/19/17,,,19/03/17
03/20/17,1230.35,,20/03/17
03/21/17,1227.76,,21/03/17
03/22/17,1243.28,,22/03/17
03/23/17,1243.84,,23/03/17
03/24/17,1240.82,,24/03/17
03/25/17,,,25/03/17
03/26/17,,,26/03/17
03/27/17,1253.1,,27/03/17
03/28/17,1250.95,,28/03/17
03/29/17,1246.95,,29/03/17
03/30/17,1247.84,,30/03/17
03/31/17,1239.83,,31/03/17
04/01/17,,,1/4/17
04/02/17,,,2/4/17
04/03/17,1245.1,,3/4/17
04/04/17,1253.79,,4/4/17
04/05/17,1252.5,,5/4/17
04/06/17,1252.23,,6/4/17
04/07/17,1259.96,,7/4/17
04/08/17,,,8/4/17
04/09/17,,,9/4/17
04/10/17,1250.95,,10/4/17
04/11/17,1253.46,,11/4/17
04/12/17,1272.95,,12/4/17
04/13/17,1283.43,,13/04/17
04/14/17,1283.72,,14/04/17
04/15/17,,,15/04/17
04/16/17,,,16/04/17
04/17/17,1287.6,,17/04/17
04/18/17,1281.03,,18/04/17
04/19/17,1283.43,,19/04/17
04/20/17,1276.68,,20/04/17
04/21/17,1277.63,,21/04/17
04/22/17,,,22/04/17
04/23/17,,,23/04/17
04/24/17,1271.18,,24/04/17
04/25/17,1271.17,,25/04/17
04/26/17,1261.08,,26/04/17
04/27/17,1263.6,,27/04/17
04/28/17,1262.35,,28/04/17
04/29/17,,,29/04/17
04/30/17,,,30/04/17
05/01/17,1261.86,,1/5/17
05/02/17,1253.84,,2/5/17
05/03/17,1252.97,,3/5/17
05/04/17,1235.73,,4/5/17
05/05/17,1227.83,,5/5/17
05/06/17,,,6/5/17
05/07/17,,,7/5/17
05/08/17,1228.49,,8/5/17
05/09/17,1224.58,,9/5/17
05/10/17,1219.86,,10/5/17
05/11/17,1217.56,,11/5/17
05/12/17,1223.85,,12/5/17
05/13/17,,,13/05/17
05/14/17,,,14/05/17
05/15/17,1227.74,,15/05/17
05/16/17,1230.81,,16/05/17
05/17/17,1240.26,,17/05/17
05/18/17,1256.78,,18/05/17
05/19/17,1247.09,,19/05/17
05/20/17,,,20/05/17
05/21/17,,,21/05/17
05/22/17,1251.76,,22/05/17
05/23/17,1259.03,,23/05/17
05/24/17,1248.81,,24/05/17
05/25/17,1255.2,,25/05/17
05/26/17,1255.33,,26/05/17
05/27/17,,,27/05/17
05/28/17,,,28/05/17
05/29/17,1264.04,,29/05/17
05/30/17,1264.83,,30/05/17
05/31/17,1258.73,,31/05/17
06/01/17,1265.53,,1/6/17
06/02/17,1259.31,,2/6/17
06/03/17,,,3/6/17
06/04/17,,,4/6/17
06/05/17,1277.75,,5/6/17
06/06/17,1282.14,,6/6/17
06/07/17,1289.85,,7/6/17
06/08/17,1283.33,,8/6/17
06/09/17,1272.51,,9/6/17
06/10/17,,,10/6/17
06/11/17,,,11/6/17
06/12/17,1265.18,,12/6/17
06/13/17,1262.48,,13/06/17
06/14/17,1265.56,,14/06/17
06/15/17,1260.87,,15/06/17
06/16/17,1250.99,,16/06/17
06/17/17,,,17/06/17
06/18/17,,,18/06/17
06/19/17,1249.77,,19/06/17
06/20/17,1242.7,,20/06/17
06/21/17,1243.08,,21/06/17
06/22/17,1249.17,,22/06/17
06/23/17,1249.99,,23/06/17
06/24/17,,,24/06/17
06/25/17,,,25/06/17
06/26/17,1249.47,,26/06/17
06/27/17,1243.4,,27/06/17
06/28/17,1248.45,,28/06/17
06/29/17,1247.85,,29/06/17
06/30/17,1242.9,,30/06/17
07/01/17,,,1/7/17
07/02/17,,,2/7/17
07/03/17,1235.14,,3/7/17
07/04/17,1221.07,,4/7/17
07/05/17,1223.39,,5/7/17
07/06/17,1223.17,,6/7/17
07/07/17,1219.15,,7/7/17
07/08/17,,,8/7/17
07/09/17,,,9/7/17
07/10/17,1207.39,,10/7/17
07/11/17,1209.14,,11/7/17
07/12/17,1216.08,,12/7/17
07/13/17,1219.38,,13/07/17
07/14/17,1214.59,,14/07/17
07/15/17,,,15/07/17
07/16/17,,,16/07/17
07/17/17,1228.04,,17/07/17
07/18/17,1233.97,,18/07/17
07/19/17,1237.88,,19/07/17
07/20/17,1236.6,,20/07/17
07/21/17,1242.85,,21/07/17
07/22/17,,,22/07/17
07/23/17,,,23/07/17
07/24/17,1251.7,,24/07/17
07/25/17,1251.87,,25/07/17
07/26/17,1244.49,,26/07/17
07/27/17,1260.01,,27/07/17
07/28/17,1256.67,,28/07/17
07/29/17,,,29/07/17
07/30/17,,,30/07/17
07/31/17,1265.88,,31/07/17
08/01/17,1266.41,,1/8/17
08/02/17,1264.04,,2/8/17
08/03/17,1260.03,,3/8/17
08/04/17,1266.13,,4/8/17
08/05/17,,,5/8/17
08/06/17,,,6/8/17
08/07/17,1255.23,,7/8/17
08/08/17,1257.06,,8/8/17
08/09/17,1262.7,,9/8/17
08/10/17,1274.55,,10/8/17
08/11/17,1283.77,,11/8/17
08/12/17,,,12/8/17
08/13/17,,,13/08/17
08/14/17,1283.7,,14/08/17
08/15/17,1273.65,,15/08/17
08/16/17,1269.61,,16/08/17
08/17/17,1284.26,,17/08/17
08/18/17,1287.04,,18/08/17
08/19/17,,,19/08/17
08/20/17,,,20/08/17
08/21/17,1283.71,,21/08/17
08/22/17,1285.34,,22/08/17
08/23/17,1282.48,,23/08/17
08/24/17,1285.88,,24/08/17
08/25/17,1283.82,,25/08/17
08/26/17,,,26/08/17
08/27/17,,,27/08/17
08/28/17,1291.86,,28/08/17
08/29/17,1315.81,,29/08/17
08/30/17,1308.3,,30/08/17
08/31/17,1302.33,,31/08/17
09/01/17,1316.86,,1/9/17
09/02/17,,,2/9/17
09/03/17,,,3/9/17
09/04/17,1332.49,,4/9/17
09/05/17,1332.15,,5/9/17
09/06/17,1336.58,,6/9/17
09/07/17,1332.55,,7/9/17
09/08/17,1348.9,,8/9/17
09/09/17,,,9/9/17
09/10/17,,,10/9/17
09/11/17,1334.76,,11/9/17
09/12/17,1323.46,,12/9/17
09/13/17,1328.68,,13/09/17
09/14/17,1318.82,,14/09/17
09/15/17,1327.28,,15/09/17
09/16/17,,,16/09/17
09/17/17,,,17/09/17
09/18/17,1314.27,,18/09/17
09/19/17,1305.14,,19/09/17
09/20/17,1309.35,,20/09/17
09/21/17,1295.55,,21/09/17
09/22/17,1293.04,,22/09/17
09/23/17,,,23/09/17
09/24/17,,,24/09/17
09/25/17,1289.88,,25/09/17
09/26/17,1307.12,,26/09/17
09/27/17,1290.72,,27/09/17
09/28/17,1279.07,,28/09/17
09/29/17,1283.33,,29/09/17
09/30/17,,,30/09/17
10/01/17,,,1/10/17
10/02/17,1272.52,,2/10/17
10/03/17,1267.45,,3/10/17
10/04/17,1272.44,,4/10/17
10/05/17,1272.28,,5/10/17
10/06/17,1265.77,,6/10/17
10/07/17,,,7/10/17
10/08/17,,,8/10/17
10/09/17,1278.06,,9/10/17
10/10/17,1283.49,,10/10/17
10/11/17,1286.32,,11/10/17
10/12/17,1291.8,,12/10/17
10/13/17,1292.6,,13/10/17
10/14/17,,,14/10/17
10/15/17,,,15/10/17
10/16/17,1300.22,,16/10/17
10/17/17,1289.96,,17/10/17
10/18/17,1282.71,,18/10/17
10/19/17,1277.86,,19/10/17
10/20/17,1282.3,,20/10/17
10/21/17,,,21/10/17
10/22/17,,,22/10/17
10/23/17,1273.27,,23/10/17
10/24/17,1278.79,,24/10/17
10/25/17,1271.74,,25/10/17
10/26/17,1277.19,,26/10/17
10/27/17,1264.52,,27/10/17
10/28/17,,,28/10/17
10/29/17,,,29/10/17
10/30/17,1268.19,,30/10/17
10/31/17,1273.42,,31/10/17
11/01/17,1268.71,,1/11/17
11/02/17,1275.49,,2/11/17
11/03/17,1273.91,,3/11/17
11/04/17,,,4/11/17
11/05/17,,,5/11/17
11/06/17,1267.03,,6/11/17
11/07/17,1276.64,,7/11/17
11/08/17,1275.17,,8/11/17
11/09/17,1279.76,,9/11/17
11/10/17,1282.39,,10/11/17
11/11/17,,,11/11/17
11/12/17,,,12/11/17
11/13/17,1273.7,,13/11/17
11/14/17,1273.67,,14/11/17
11/15/17,1279.33,,15/11/17
11/16/17,1275.12,,16/11/17
11/17/17,1279.14,,17/11/17
11/18/17,,,18/11/17
11/19/17,,,19/11/17
11/20/17,1289.09,,20/11/17
11/21/17,1277.14,,21/11/17
11/22/17,1279,,22/11/17
11/23/17,1287.27,,23/11/17
11/24/17,1288.68,,24/11/17
11/25/17,,,25/11/17
11/26/17,,,26/11/17
11/27/17,1286.84,,27/11/17
11/28/17,1291.15,,28/11/17
11/29/17,1292.25,,29/11/17
11/30/17,1280.95,,30/11/17
12/01/17,1273.01,,1/12/17
12/02/17,,,2/12/17
12/03/17,,,3/12/17
12/04/17,1271.9,,4/12/17
12/05/17,1273.16,,5/12/17
12/06/17,1263.82,,6/12/17
12/07/17,1259.17,,7/12/17
12/08/17,1245.7,,8/12/17
12/09/17,,,9/12/17
12/10/17,,,10/12/17
12/11/17,1246.07,,11/12/17
12/12/17,1241.42,,12/12/17
12/13/17,1240.65,,13/12/17
12/14/17,1253.77,,14/12/17
12/15/17,1252.04,,15/12/17
12/16/17,,,16/12/17
12/17/17,,,17/12/17
12/18/17,1252.67,,18/12/17
12/19/17,1259.66,,19/12/17
12/20/17,1260.77,,20/12/17
12/21/17,1263.85,,21/12/17
12/22/17,1263.87,,22/12/17
12/23/17,,,23/12/17
12/24/17,,,24/12/17
12/25/17,,,25/12/17
12/26/17,1275.14,,26/12/17
12/27/17,1280.16,,27/12/17
12/28/17,1287.24,,28/12/17
12/29/17,1292.56,,29/12/17
12/30/17,,,30/12/17
12/31/17,,,31/12/17
01/01/18,,,1/1/18
01/02/18,1304.8,,2/1/18
01/03/18,1313.06,,3/1/18
01/04/18,1307.03,,4/1/18
01/05/18,1318.21,,5/1/18
01/06/18,,,6/1/18
01/07/18,,,7/1/18
01/08/18,1316.67,,8/1/18
01/09/18,1315.71,,9/1/18
01/10/18,1308.75,,10/1/18
01/11/18,1315.47,,11/1/18
01/12/18,1323.88,,12/1/18
01/13/18,,,13/01/18
01/14/18,,,14/01/18
01/15/18,1337.93,,15/01/18
01/16/18,1337.62,,16/01/18
01/17/18,1335.06,,17/01/18
01/18/18,1324.68,,18/01/18
01/19/18,1328.4,,19/01/18
01/20/18,,,20/01/18
01/21/18,,,21/01/18
01/22/18,1329.41,,22/01/18
01/23/18,1333.11,,23/01/18
01/24/18,1339.25,,24/01/18
01/25/18,1358.07,,25/01/18
01/26/18,1348.99,,26/01/18
01/27/18,,,27/01/18
01/28/18,,,28/01/18
01/29/18,1345.9,,29/01/18
01/30/18,1335.09,,30/01/18
01/31/18,1338.02,,31/01/18
02/01/18,1340.5,,1/2/18
02/02/18,1345.39,,2/2/18
02/03/18,,,3/2/18
02/04/18,,,4/2/18
02/05/18,1329.29,,5/2/18
02/06/18,1339.06,,6/2/18
02/07/18,1325.86,,7/2/18
02/08/18,1310.99,,8/2/18
02/09/18,1315.78,,9/2/18
02/10/18,,,10/2/18
02/11/18,,,11/2/18
02/12/18,1319.13,,12/2/18
02/13/18,1322.15,,13/02/18
02/14/18,1330.6,,14/02/18
02/15/18,1351,,15/02/18
02/16/18,1353.71,,16/02/18
02/17/18,,,17/02/18
02/18/18,,,18/02/18
02/19/18,1346.16,,19/02/18
02/20/18,1338.96,,20/02/18
02/21/18,1325.23,,21/02/18
02/22/18,1321.35,,22/02/18
02/23/18,1326.36,,23/02/18
02/24/18,,,24/02/18
02/25/18,,,25/02/18
02/26/18,1332.42,,26/02/18
02/27/18,1331.24,,27/02/18
02/28/18,1315.13,,28/02/18
03/01/18,1312.41,,1/3/18
03/02/18,1314.59,,2/3/18
03/03/18,,,3/3/18
03/04/18,,,4/3/18
03/05/18,1323.56,,5/3/18
03/06/18,1319.45,,6/3/18
03/07/18,1332.37,,7/3/18
03/08/18,1324.14,,8/3/18
03/09/18,1316.11,,9/3/18
03/10/18,,,10/3/18
03/11/18,,,11/3/18
03/12/18,1320.18,,12/3/18
03/13/18,1318.88,,13/03/18
03/14/18,1324.09,,14/03/18
03/15/18,1323.14,,15/03/18
03/16/18,1314.24,,16/03/18
03/17/18,,,17/03/18
03/18/18,,,18/03/18
03/19/18,1308.76,,19/03/18
03/20/18,1313.48,,20/03/18
03/21/18,1310.8,,21/03/18
03/22/18,1328.67,,22/03/18
03/23/18,1335.27,,23/03/18
03/24/18,,,24/03/18
03/25/18,,,25/03/18
03/26/18,1344.5,,26/03/18
03/27/18,1350.48,,27/03/18
03/28/18,1341.47,,28/03/18
03/29/18,1323.5,,29/03/18
03/30/18,1321.5,,30/03/18
03/31/18,,,31/03/18
04/01/18,,,1/4/18
04/02/18,1327.64,,2/4/18
04/03/18,1336.84,,3/4/18
04/04/18,1333.39,,4/4/18
04/05/18,1327.01,,5/4/18
04/06/18,1325.96,,6/4/18
04/07/18,,,7/4/18
04/08/18,,,8/4/18
04/09/18,1329.02,,9/4/18
04/10/18,1332.26,,10/4/18
04/11/18,1339.45,,11/4/18
04/12/18,1347.95,,12/4/18
04/13/18,1336.42,,13/04/18
04/14/18,,,14/04/18
04/15/18,,,15/04/18
04/16/18,1342.68,,16/04/18
04/17/18,1343.57,,17/04/18
04/18/18,1342.13,,18/04/18
04/19/18,1348.43,,19/04/18
04/20/18,1340.24,,20/04/18
04/21/18,,,21/04/18
04/22/18,,,22/04/18
04/23/18,1330.57,,23/04/18
04/24/18,1323.25,,24/04/18
04/25/18,1325.11,,25/04/18
04/26/18,1320.8,,26/04/18
04/27/18,1314.72,,27/04/18
04/28/18,,,28/04/18
04/29/18,,,29/04/18
04/30/18,1318.39,,30/04/18
05/01/18,1309.87,,1/5/18
05/02/18,1305.92,,2/5/18
05/03/18,1306,,3/5/18
05/04/18,1309.37,,4/5/18
05/05/18,,,5/5/18
05/06/18,,,6/5/18
05/07/18,1313.13,,7/5/18
05/08/18,1310.85,,8/5/18
05/09/18,1307.9,,9/5/18
05/10/18,1310.78,,10/5/18
05/11/18,1317.99,,11/5/18
05/12/18,,,12/5/18
05/13/18,,,13/05/18
05/14/18,1318,,14/05/18
05/15/18,1310.11,,15/05/18
05/16/18,1291.01,,16/05/18
05/17/18,1288.65,,17/05/18
05/18/18,1286.91,,18/05/18
05/19/18,,,19/05/18
05/20/18,,,20/05/18
05/21/18,1284.75,,21/05/18
05/22/18,1288.76,,22/05/18
05/23/18,1289.83,,23/05/18
05/24/18,1292.57,,24/05/18
05/25/18,1300.64,,25/05/18
05/26/18,,,26/05/18
05/27/18,,,27/05/18
05/28/18,1295.62,,28/05/18
05/29/18,1296.01,,29/05/18
05/30/18,1296.99,,30/05/18
05/31/18,1300.61,,31/05/18
06/01/18,1296.44,,1/6/18
06/02/18,,,2/6/18
06/03/18,,,3/6/18
06/04/18,1290.03,,4/6/18
06/05/18,1289.43,,5/6/18
06/06/18,1294.86,,6/6/18
06/07/18,1294.63,,7/6/18
06/08/18,1294.18,,8/6/18
06/09/18,,,9/6/18
06/10/18,,,10/6/18
06/11/18,1295.85,,11/6/18
06/12/18,1295.39,,12/6/18
06/13/18,1292.45,,13/06/18
06/14/18,1297.47,,14/06/18
06/15/18,1298.56,,15/06/18
06/16/18,,,16/06/18
06/17/18,,,17/06/18
06/18/18,1277.93,,18/06/18
06/19/18,1279.22,,19/06/18
06/20/18,1271.3,,20/06/18
06/21/18,1263.54,,21/06/18
06/22/18,1265.77,,22/06/18
06/23/18,,,23/06/18
06/24/18,,,24/06/18
06/25/18,1265.93,,25/06/18
06/26/18,1261.25,,26/06/18
06/27/18,1254.14,,27/06/18
06/28/18,1249.38,,28/06/18
06/29/18,1246.94,,29/06/18
06/30/18,,,
07/01/18,,,
07/02/18,1247.8,,
07/03/18,1238.72,,
07/04/18,1254.78,,
07/05/18,1253,,
07/06/18,1252.87,,
07/07/18,,,
07/08/18,,,
07/09/18,1256.15,,
07/10/18,1255.26,,
07/11/18,1249.58,,
07/12/18,1240.94,,
07/13/18,1242.5,,
07/14/18,,,
07/15/18,,,
07/16/18,1240.54,,
07/17/18,1238.88,,
07/18/18,1223.8,,
07/19/18,1221.46,,
07/20/18,1218.49,,
07/21/18,,,
07/22/18,,,
07/23/18,1228.87,,
07/24/18,1219.94,,
07/25/18,1223.08,,
07/26/18,1228.47,,
07/27/18,1220.79,,
07/28/18,,,
07/29/18,,,
07/30/18,1218.61,,
07/31/18,1218.77,,
08/01/18,1219.65,,
08/02/18,1215.97,,
08/03/18,1204.9,,
08/04/18,,,
08/05/18,,,
08/06/18,1211.97,,
08/07/18,1208.08,,
08/08/18,1210.33,,
08/09/18,1211.22,,
08/10/18,1208.29,,
08/11/18,,,
08/12/18,,,
08/13/18,1205.87,,
08/14/18,1191.98,,
08/15/18,1186.73,,
08/16/18,1169.47,,
08/17/18,1173.43,,
08/18/18,,,
08/19/18,,,
08/20/18,1182.96,,
08/21/18,1191.29,,
08/22/18,1192.76,,
08/23/18,1189.32,,
08/24/18,1184.57,,
08/25/18,,,
08/26/18,,,
08/27/18,1203.26,,
08/28/18,1207.56,,
08/29/18,1200.36,,
08/30/18,1201.7,,
08/31/18,1200.48,,
09/01/18,,,
09/02/18,,,
09/03/18,1197.37,,
09/04/18,1196.37,,
09/05/18,1190.5,,
09/06/18,1196.31,,
09/07/18,1198.6,,
09/08/18,,,
09/09/18,,,
09/10/18,1191.76,,
09/11/18,1192.19,,
09/12/18,1192.54,,
09/13/18,1202.69,,
09/14/18,1202.1,,
09/15/18,,,
09/16/18,,,
09/17/18,1192.7,,
09/18/18,1195.93,,
09/19/18,1198.5,,
09/20/18,1201.37,,
09/21/18,1205.91,,
09/22/18,,,
09/23/18,,,
09/24/18,,,
09/25/18,1196.47,,
09/26/18,1198.29,,
09/27/18,1194.01,,
09/28/18,1181.16,,