Date,Price,Open,High,Low,Vol.,Change %
11/05/19,43.53,41.75,43.53,41.75,0.10K,0.42%
11/04/19,43.35,43.35,43.35,43.35,0.17K,0.16%
11/01/19,43.28,43.28,43.28,43.28,0.08K,0.00%
10/31/19,43.28,43.28,43.28,43.28,0.00K,0.12%
10/30/19,43.23,43.23,43.23,43.23,0.00K,0.16%
10/29/19,43.16,43.16,43.16,43.16,0.01K,0.30%
10/28/19,43.03,43.03,43.03,43.03,-,0.26%
10/25/19,42.92,42.99,43,42.92,0.20K,-2.28%
10/24/19,43.92,43.92,43.92,43.92,0.00K,1.93%
10/23/19,43.09,43.09,43.09,43.09,0.00K,-2.42%
10/22/19,44.16,44.16,44.16,44.16,0.07K,0.48%
10/21/19,43.95,43.95,43.95,43.95,-,0.00%
10/18/19,43.95,43.95,43.95,43.95,-,0.00%
10/17/19,43.95,43.95,43.95,43.95,0.03K,-0.61%
10/16/19,44.22,44.22,44.22,44.22,-,-0.56%
10/15/19,44.47,44.47,44.47,44.47,-,0.72%
10/14/19,44.15,42.91,44.15,42.91,0.32K,-0.02%
10/11/19,44.16,43.84,44.16,43.84,0.34K,1.28%
10/10/19,43.6,42.82,43.6,42.82,0.24K,1.47%
10/09/19,42.97,42.97,42.97,42.97,0.00K,-2.12%
10/08/19,43.9,43.9,43.9,43.9,0.00K,1.39%
10/07/19,43.3,43.3,43.3,43.3,0.35K,-0.09%
10/04/19,43.34,43.34,43.34,43.34,0.01K,-0.80%
10/03/19,43.69,43.69,43.69,43.69,-,0.32%
10/02/19,43.55,43.55,43.55,43.55,0.00K,-0.30%
10/01/19,43.68,43.68,43.68,43.68,-,-0.16%
09/30/19,43.75,43.15,43.75,43.05,13.11K,-0.14%
09/27/19,43.81,43.25,44,42.52,7.85K,1.25%
09/26/19,43.27,42.67,43.4,42.67,0.66K,0.70%
09/25/19,42.97,43.3,43.3,42.55,5.45K,-1.51%
09/24/19,43.63,43.73,43.73,43.63,0.10K,0.34%
09/23/19,43.48,43.8,44.2,43.48,2.41K,0.32%
09/20/19,43.34,45,45,42.87,3.02K,-1.92%
09/19/19,44.19,43.1,44.19,43.1,0.10K,-0.18%
09/18/19,44.27,44.27,44.27,44.27,0.01K,2.24%
09/17/19,43.3,43.6,43.6,43.3,0.81K,0.39%
09/16/19,43.13,43.6,43.6,43.13,0.30K,-1.08%
09/13/19,43.6,43.6,43.6,43.6,-,1.35%
09/12/19,43.02,43.02,43.02,43.02,-,-1.96%
09/11/19,43.88,43.88,43.88,43.88,0.00K,0.48%
09/10/19,43.67,43.2,43.67,43.2,0.81K,1.32%
09/09/19,43.1,43.1,43.1,43.1,0.10K,1.13%
09/06/19,42.62,42.79,42.97,42.62,0.40K,0.88%
09/05/19,42.25,42.25,42.25,42.25,0.14K,-0.31%
09/04/19,42.38,42.37,42.38,42.37,0.25K,0.38%
09/03/19,42.22,42.22,42.22,42.22,0.01K,0.02%
08/30/19,42.21,42.05,42.25,42.05,2.37K,-0.21%
08/29/19,42.3,42.3,42.3,42.3,-,-0.19%
08/28/19,42.38,42.38,42.38,42.38,0.05K,0.19%
08/27/19,42.3,42.3,42.3,42.3,-,0.00%
08/26/19,42.3,42.4,42.4,42.3,0.98K,-0.35%
08/23/19,42.45,42.45,42.45,42.45,0.05K,-0.72%
08/22/19,42.76,42.76,42.76,42.76,-,0.14%
08/21/19,42.7,42.84,43.48,42.7,1.08K,0.14%
08/20/19,42.64,42.1,42.64,41.76,0.65K,0.19%
08/19/19,42.56,42.66,43.01,42.56,1.02K,-1.39%
08/16/19,43.16,42.8,43.6,42.8,18.02K,1.29%
08/15/19,42.61,42.75,43.19,41.55,3.84K,-1.37%
08/14/19,43.2,43.2,43.2,43.2,0.20K,-1.26%
08/13/19,43.75,43.75,43.75,43.75,0.02K,0.53%
08/12/19,43.52,42.9,43.95,42.75,8.21K,0.42%
08/09/19,43.34,43.34,43.34,43.34,0.12K,0.79%
08/08/19,43,43,43,43,0.01K,-1.04%
08/07/19,43.45,42.02,44.84,41.21,18.18K,1.26%
08/06/19,42.91,44.09,44.09,42.91,0.10K,0.02%
08/05/19,42.9,43.54,43.54,42,9.19K,-3.38%
08/02/19,44.4,43.75,44.4,43.5,0.50K,2.07%
08/01/19,43.5,44.25,44.25,43.5,2.21K,-0.48%
07/31/19,43.71,44.03,44.12,43.71,0.60K,-0.05%
07/30/19,43.73,43.73,43.73,43.73,0.10K,-0.02%
07/29/19,43.74,43.84,44.54,43.58,12.50K,-0.05%
07/27/19,43.76,43.76,43.76,43.76,-,0.00%
07/26/19,43.76,43.76,43.76,43.76,-,0.14%
07/25/19,43.7,43.95,44.52,43.7,10.02K,0.16%
07/24/19,43.63,43.05,43.63,43.05,0.20K,-0.80%
07/23/19,43.98,43.02,44.75,42.66,9.01K,-0.09%
07/22/19,44.02,43.99,44.3,43.99,1.00K,-0.41%
07/19/19,44.2,43.78,44.35,43.54,7.69K,0.45%
07/18/19,44,44,44,44,0.50K,0.55%
07/17/19,43.76,43.76,43.76,43.76,-,-0.36%
07/16/19,43.92,43.92,43.92,43.92,-,0.00%
07/15/19,43.92,43.92,43.92,43.92,0.06K,0.02%
07/12/19,43.91,43.16,43.91,43.16,0.53K,1.88%
07/11/19,43.1,43.1,43.1,43.1,0.00K,-0.16%
07/10/19,43.17,43.17,43.17,43.17,-,-1.75%
07/09/19,43.94,43.94,43.94,43.94,0.02K,-0.02%
07/08/19,43.95,43.95,43.95,43.95,-,1.85%
07/05/19,43.15,43.82,43.82,43.15,0.15K,-0.23%
07/03/19,43.25,43.25,43.25,43.25,-,0.23%
07/02/19,43.15,43.15,43.15,43.15,0.04K,-2.11%
07/01/19,44.08,44.08,44.08,44.08,0.01K,0.11%
06/28/19,44.03,44.1,44.1,44.03,0.34K,0.05%
06/27/19,44.01,44.01,44.01,44.01,0.15K,0.07%
06/26/19,43.98,43.98,43.98,43.98,0.08K,1.57%
06/25/19,43.3,43.3,43.3,43.3,0.00K,-1.61%
06/24/19,44.01,43.96,44.01,43.96,0.11K,1.73%
06/21/19,43.26,43.26,43.26,43.26,0.08K,-0.30%
06/20/19,43.39,43.39,43.39,43.39,0.04K,0.35%
06/19/19,43.24,44.02,44.6,42.81,16.22K,-0.41%
06/18/19,43.42,43.05,43.42,43.05,0.17K,0.25%
06/17/19,43.31,43.02,43.31,43.02,0.10K,-0.37%
06/14/19,43.47,43.47,43.47,43.47,0.00K,-1.41%
06/13/19,44.09,44.09,44.09,44.09,0.15K,0.32%
06/12/19,43.95,43.95,43.95,43.95,0.00K,-0.39%
06/11/19,44.12,43.8,44.12,43.8,0.45K,1.36%
06/10/19,43.53,43.53,43.53,43.53,0.00K,-1.34%
06/08/19,44.12,44.12,44.12,44.12,-,0.00%
06/07/19,44.12,42.93,44.12,42.93,0.35K,0.78%
06/06/19,43.78,45.3,45.3,42.73,2.41K,1.32%
06/05/19,43.21,43.21,43.21,43.21,0.08K,-0.85%
06/04/19,43.58,43.58,43.58,43.58,-,0.00%
06/03/19,43.58,43.58,43.58,43.58,0.00K,0.00%
06/01/19,43.58,43.58,43.58,43.58,-,0.00%
05/31/19,43.58,43.58,43.58,43.58,0.05K,-1.29%
05/30/19,44.15,44.15,44.15,44.15,0.06K,-0.02%
05/29/19,44.16,44.16,44.16,44.16,0.04K,0.07%
05/28/19,44.13,44.13,44.13,44.13,0.00K,0.00%
05/27/19,44.13,44.13,44.13,44.13,-,0.00%
05/25/19,44.13,44.13,44.13,44.13,-,0.00%
05/24/19,44.13,44.13,44.13,44.13,-,0.00%
05/23/19,44.13,42.87,44.13,42.87,1.54K,0.34%
05/22/19,43.98,43.25,43.98,43.25,0.11K,0.43%
05/21/19,43.79,43.79,43.79,43.79,0.00K,-0.25%
05/20/19,43.9,43.9,43.9,43.9,0.13K,-0.16%
05/18/19,43.97,43.97,43.97,43.97,-,0.00%
05/17/19,43.97,42.74,43.97,42.63,0.84K,-0.14%
05/16/19,44.03,44.03,44.03,44.03,-,1.26%
05/15/19,43.48,43.48,43.48,43.48,0.01K,0.16%
05/14/19,43.41,43.41,43.41,43.41,-,-1.45%
05/13/19,44.05,44.05,44.05,44.05,0.07K,-0.47%
05/11/19,44.26,44.26,44.26,44.26,-,0.00%
05/10/19,44.26,44.26,44.26,44.26,0.05K,-0.05%
05/09/19,44.28,44.28,44.28,44.28,0.00K,-0.27%
05/08/19,44.4,44.4,44.4,44.4,-,-0.02%
05/07/19,44.41,44.41,44.41,44.41,0.07K,-0.16%
05/06/19,44.48,44.67,44.67,44.48,0.11K,0.63%
05/04/19,44.2,44.2,44.2,44.2,-,0.00%
05/03/19,44.2,44.2,44.2,44.2,-,-0.83%
05/02/19,44.57,44.57,44.57,44.57,0.00K,0.84%
05/01/19,44.2,44.7,44.7,44.2,0.77K,0.00%
04/30/19,44.2,44.2,44.2,44.2,0.20K,1.07%
04/29/19,43.73,44.5,44.51,43.73,0.55K,0.07%
04/27/19,43.7,43.7,43.7,43.7,-,0.00%
04/26/19,43.7,43.7,43.7,43.7,-,-1.97%
04/25/19,44.58,44.58,44.58,44.58,-,0.47%
04/24/19,44.37,43.82,44.37,43.82,0.23K,-1.44%
04/23/19,45.02,45.02,45.02,45.02,-,-0.13%
04/22/19,45.08,47,47,45.08,0.13K,0.99%
04/20/19,44.64,44.64,44.64,44.64,-,0.00%
04/19/19,44.64,44.64,44.64,44.64,-,0.00%
04/18/19,44.64,44.64,44.64,44.64,-,0.16%
04/17/19,44.57,44.57,44.57,44.57,0.13K,-0.38%
04/16/19,44.74,44.74,44.74,44.74,-,-0.07%
04/15/19,44.77,45.01,45.01,44.77,0.20K,0.56%
04/13/19,44.52,44.52,44.52,44.52,-,0.00%
04/12/19,44.52,44.52,44.52,44.52,0.00K,-0.80%
04/11/19,44.88,44.6,44.88,44.27,1.90K,1.20%
04/10/19,44.35,44.76,45.1,44.35,8.45K,-1.44%
04/09/19,45,45,45,45,0.10K,1.03%
04/08/19,44.54,44.54,44.54,44.54,0.10K,-1.02%
04/06/19,45,45,45,45,-,0.00%
04/05/19,45,45,45,45,0.36K,0.16%
04/04/19,44.93,44.33,44.93,44.33,0.23K,1.35%
04/03/19,44.33,44.33,44.33,44.33,0.05K,-0.72%
04/02/19,44.65,44.65,44.65,44.65,0.05K,0.72%
04/01/19,44.33,44.33,44.33,44.33,0.05K,0.45%
03/30/19,44.13,44.13,44.13,44.13,-,0.00%
03/29/19,44.13,44.52,44.52,44.13,0.30K,-0.88%
03/28/19,44.52,44.52,44.52,44.52,-,0.00%
03/27/19,44.52,44.23,44.52,44.23,0.15K,0.00%
03/26/19,44.52,44.52,44.52,44.52,0.05K,0.00%
03/25/19,44.52,44.52,44.52,44.52,0.05K,0.00%
03/23/19,44.52,44.52,44.52,44.52,-,0.00%
03/22/19,44.52,44.41,44.85,44.41,1.82K,0.00%
03/21/19,44.52,44.45,44.87,44.45,0.52K,-0.07%
03/20/19,44.55,44.98,46.32,44.55,3.81K,0.66%
03/19/19,44.26,44.48,45.9,44.1,2.13K,-0.76%
03/18/19,44.6,44.97,46.37,43.6,3.80K,-0.67%
03/16/19,44.9,44.9,44.9,44.9,-,0.00%
03/15/19,44.9,44.9,44.9,44.9,0.01K,0.67%
03/14/19,44.6,44.6,44.6,44.6,-,0.70%
03/13/19,44.29,44.95,44.95,44.29,0.42K,-0.32%
03/12/19,44.43,43.44,46.15,42.94,20.64K,0.02%
03/11/19,44.42,44.55,44.9,44.35,19.39K,-0.56%
03/09/19,44.67,44.67,44.67,44.67,-,0.00%
03/08/19,44.67,44.42,47,44,40.47K,0.18%
03/07/19,44.59,44.61,45.23,44.59,7.40K,-1.24%
03/06/19,45.15,45.06,45.25,43.97,13.10K,0.00%
03/05/19,45.15,45.19,45.7,44.74,16.80K,0.74%
03/04/19,44.82,45.08,45.2,44.6,2.25K,0.18%
03/02/19,44.74,44.74,44.74,44.74,-,0.00%
03/01/19,44.74,44.88,45.05,44.74,0.60K,-1.89%
02/28/19,45.6,45.58,45.96,44.52,23.75K,0.44%
02/27/19,45.4,45.4,45.4,45.4,-,0.31%
02/26/19,45.26,45.26,45.26,45.26,0.29K,0.69%
02/25/19,44.95,44.87,45.56,44.87,20.90K,-0.16%
02/23/19,45.02,45.02,45.02,45.02,-,0.00%
02/22/19,45.02,44.68,45.46,44.46,30.35K,0.40%
02/21/19,44.84,44.75,45.27,44.51,9.37K,-0.04%
02/20/19,44.86,44.56,45.32,44.27,16.04K,0.36%
02/19/19,44.7,44.65,44.9,44.5,6.30K,-0.47%
02/18/19,44.91,44.91,44.91,44.91,-,0.00%
02/16/19,44.91,44.91,44.91,44.91,-,0.00%
02/15/19,44.91,43.91,44.95,43.9,23.09K,1.58%
02/14/19,44.21,44.45,44.75,44.21,1.10K,-0.90%
02/13/19,44.61,44.26,45.28,43.99,9.66K,0.27%
02/12/19,44.49,44.35,44.49,44.35,0.11K,-0.56%
02/11/19,44.74,44.53,44.97,44.37,1.90K,0.47%
02/09/19,44.53,44.53,44.53,44.53,-,0.00%
02/08/19,44.53,44.79,44.82,44.4,4.30K,-0.60%
02/07/19,44.8,44.8,44.8,44.8,0.00K,0.63%
02/06/19,44.52,44.68,44.98,44.52,0.20K,-0.25%
02/05/19,44.63,44.56,45.26,43.72,6.95K,-0.49%
02/04/19,44.85,44.5,44.94,44.5,2.70K,-0.44%
02/02/19,45.05,45.05,45.05,45.05,-,0.00%
02/01/19,45.05,44.69,45.05,44.65,5.90K,0.40%
01/31/19,44.87,44.62,45.87,44.01,22.36K,0.31%
01/30/19,44.73,44.69,45.18,44.69,6.00K,0.79%
01/29/19,44.38,44.64,46.36,44.02,19.41K,-3.50%
01/28/19,45.99,44.57,45.99,44.57,13.82K,2.66%
01/26/19,44.8,44.8,44.8,44.8,-,0.00%
01/25/19,44.8,44.27,46.56,43.95,12.09K,-0.40%
01/24/19,44.98,44.3,44.98,44.12,7.37K,1.76%
01/23/19,44.2,44.4,46.89,43.65,13.49K,0.00%
01/22/19,44.2,44.2,44.2,44.2,0.15K,-0.83%
01/21/19,44.57,44.57,44.57,44.57,-,0.00%
01/19/19,44.57,44.57,44.57,44.57,-,0.00%
01/18/19,44.57,43.46,44.57,43.2,0.66K,-1.61%
01/17/19,45.3,45.3,45.3,45.3,4.56K,0.24%
01/16/19,45.19,44.95,45.36,44.61,3.41K,0.31%
01/15/19,45.05,44.9,47.37,44.52,21.55K,0.67%
01/14/19,44.75,44.75,44.75,44.75,0.00K,0.61%
01/12/19,44.48,44.48,44.48,44.48,-,0.00%
01/11/19,44.48,44.66,44.66,44.48,0.73K,0.91%
01/10/19,44.08,44.83,44.83,43.17,4.04K,0.18%
01/09/19,44,44,44,44,0.10K,1.76%
01/08/19,43.24,43.56,43.9,43.24,7.26K,1.62%
01/07/19,42.55,43.54,45,42.55,12.88K,-0.86%
01/05/19,42.92,42.92,42.92,42.92,-,0.00%
01/04/19,42.92,42.92,42.92,42.92,0.00K,0.05%
01/03/19,42.9,43.32,44.02,42.9,4.33K,-0.09%
01/02/19,42.94,43.57,44.07,42.94,3.13K,-0.56%
01/01/19,43.18,43.18,43.18,43.18,-,0.00%
12/31/18,43.18,43.18,43.18,43.18,0.08K,0.14%
12/29/18,43.12,43.12,43.12,43.12,-,0.00%
12/28/18,43.12,43.46,43.8,42.53,2.92K,0.75%
12/27/18,42.8,42.22,42.8,42,2.10K,0.19%
12/26/18,42.72,42.72,42.72,42.72,-,-0.81%
12/24/18,43.07,43.07,43.07,43.07,0.26K,1.99%
12/22/18,42.23,42.23,42.23,42.23,-,0.00%
12/21/18,42.23,43.6,44.06,42.15,7.38K,-2.79%
12/20/18,43.44,43.6,44.27,42.22,7.90K,-0.14%
12/19/18,43.5,43.19,44.56,43.05,4.20K,0.35%
12/18/18,43.35,42.9,44.41,42.26,13.29K,-0.12%
12/17/18,43.4,42.9,44.63,42.29,6.56K,0.14%
12/15/18,43.34,43.34,43.34,43.34,-,0.00%
12/14/18,43.34,43.25,43.4,43.25,0.68K,0.65%
12/13/18,43.06,43.06,43.06,43.06,-,-0.28%
12/12/18,43.18,43.75,44.29,42.08,4.07K,1.96%
12/11/18,42.35,42.75,43.23,42.33,1.31K,-1.03%
12/10/18,42.79,43.09,43.82,40.27,1.90K,-2.19%
12/07/18,43.75,42.89,43.75,42.82,1.87K,0.95%
12/04/18,43.34,43.1,43.88,43.1,0.63K,-0.46%
12/03/18,43.54,43.02,43.54,42.94,4.16K,1.40%
11/30/18,42.94,41.06,42.94,41.06,2.34K,-0.21%
11/29/18,43.03,43.03,43.03,43.03,0.80K,1.49%
11/28/18,42.4,42.6,42.7,40.59,2.50K,-0.28%
11/27/18,42.52,42.51,42.58,42.51,0.75K,-0.70%
11/26/18,42.82,42.6,43.09,42.32,4.83K,1.01%
11/23/18,42.39,43.86,43.86,39.3,2.40K,-0.77%
11/21/18,42.72,42.72,42.72,42.72,0.10K,0.23%
11/20/18,42.62,42.62,42.62,42.62,0.50K,-0.02%
11/19/18,42.63,42.63,42.63,42.63,0.13K,-0.19%
11/13/18,42.71,42.71,42.71,42.71,0.10K,0.33%
11/12/18,42.57,42.57,42.57,42.57,0.80K,-0.30%
11/09/18,42.7,42.56,42.7,42.56,0.97K,-1.52%
11/08/18,43.36,43.36,43.36,43.36,0.10K,0.67%
11/06/18,43.07,42.92,43.07,42.92,0.42K,1.03%
11/01/18,42.63,42.63,42.63,42.63,0.44K,0.64%
10/19/18,42.36,42.36,42.36,42.36,0.53K,0.50%
10/18/18,42.15,42.1,42.91,42.1,3.75K,-0.96%
10/16/18,42.56,43,43,42.56,0.87K,0.12%
10/15/18,42.51,42.51,42.51,42.51,0.23K,0.43%
10/12/18,42.33,42.33,42.33,42.33,0.15K,-0.33%
10/11/18,42.47,42.69,42.69,42.47,0.38K,-0.59%
10/10/18,42.72,42.33,42.72,42.33,0.25K,-0.67%
10/09/18,43.01,43.01,43.01,43.01,0.16K,2.19%
10/08/18,42.09,42.28,42.28,42.08,3.25K,-0.73%
10/05/18,42.4,42.4,42.4,42.4,0.20K,-0.07%
10/04/18,42.43,42.43,42.43,42.43,0.20K,-0.70%
10/03/18,42.73,42.73,42.73,42.73,0.94K,0.52%
10/02/18,42.51,42.52,42.6,42.51,6.43K,0.21%
10/01/18,42.42,42.56,42.56,42.42,1.86K,-0.42%
09/28/18,42.6,42.57,42.6,42.57,1.76K,0.19%
09/27/18,42.52,42.52,42.52,42.52,2.76K,-0.44%
09/21/18,42.71,42.72,43.18,42.7,3.70K,-0.21%
09/20/18,42.8,43.31,43.31,42.8,3.79K,-0.42%
09/14/18,42.98,42.88,42.98,42.88,0.21K,0.00%
09/12/18,42.98,42.98,42.98,42.98,0.21K,-0.69%
09/05/18,43.28,43.28,43.28,43.28,0.16K,1.62%
09/04/18,42.59,43.43,43.43,42.59,0.70K,-0.26%
08/30/18,42.7,42.7,42.7,42.7,0.10K,0.00%
08/29/18,42.7,42.8,42.8,42.7,0.51K,-1.39%
08/27/18,43.3,42.83,43.3,42.83,0.35K,1.41%
08/24/18,42.7,42.67,42.7,42.67,0.51K,-0.14%
08/09/18,42.76,42.76,42.76,42.76,0.35K,-0.70%
08/08/18,43.06,43.06,43.06,43.06,0.14K,0.77%
08/06/18,42.73,42.73,42.73,42.73,0.10K,0.52%
08/03/18,42.51,42.51,42.51,42.51,0.15K,-4.73%
08/01/18,44.62,43.37,44.62,43.19,3.52K,-6.30%
07/26/18,47.62,48.6,48.6,47.62,1.73K,-3.13%
07/25/18,49.16,49.16,49.16,49.16,0.20K,13.59%
07/23/18,43.28,43.28,43.28,43.28,0.12K,-1.21%
07/20/18,43.81,48.84,48.84,43.81,0.68K,1.08%
07/19/18,43.34,44.07,44.07,43.34,0.31K,-6.19%
07/09/18,46.2,45.19,46.2,44.94,42.18K,1.81%
07/05/18,45.38,45.38,45.38,45.38,0.87K,-0.68%
07/03/18,45.69,45.31,45.69,45.31,1.94K,0.18%
07/02/18,45.61,45.61,45.61,45.61,1.91K,-0.31%
06/29/18,45.75,45.75,45.75,45.75,-,0.00%
06/28/18,45.75,45.7,45.75,45.7,0.49K,1.13%
06/22/18,45.24,45.9,45.9,45.24,0.39K,-1.14%
06/20/18,45.76,45.76,45.76,45.76,-,0.00%
06/19/18,45.76,45.42,45.76,45.42,0.30K,0.70%
06/15/18,45.44,45.27,45.44,45.27,0.38K,0.18%
06/14/18,45.36,45.36,45.36,45.36,0.28K,-0.77%
06/06/18,45.71,45.44,45.71,45.44,0.90K,-0.87%
06/05/18,46.11,46.12,46.21,45.84,1.52K,0.46%
05/30/18,45.9,45.9,45.9,45.9,0.29K,-0.22%
05/24/18,46,46,46,46,0.33K,-0.22%
05/23/18,46.1,45.3,46.1,45.3,0.30K,-0.65%
05/22/18,46.4,45.06,46.4,45.06,1.40K,0.76%
05/21/18,46.05,45.79,46.05,45.79,0.54K,-0.13%
05/18/18,46.11,46.11,46.11,46.11,0.35K,0.85%
05/16/18,45.72,45.86,45.86,45.72,0.31K,-0.02%
05/15/18,45.73,45.72,45.74,45.72,0.90K,-4.73%
05/14/18,48,48,48,48,0.11K,3.11%
05/10/18,46.55,45.43,46.55,45.41,0.92K,0.54%
05/09/18,46.3,45.66,46.3,45.66,0.20K,1.87%
05/08/18,45.45,45.45,45.45,45.45,0.11K,0.00%
05/07/18,45.45,46.39,46.39,45.45,0.58K,-1.84%
05/04/18,46.3,45.33,46.33,45.26,1.73K,-1.20%
05/03/18,46.86,46.86,46.86,46.86,0.14K,0.13%
05/02/18,46.8,45.99,46.8,45.72,0.53K,1.83%
05/01/18,45.96,46.05,46.05,45.96,0.92K,-2.17%
04/30/18,46.98,46.98,46.98,46.98,0.62K,1.71%
04/27/18,46.19,46.19,46.19,46.19,0.20K,-1.79%
04/26/18,47.03,46.11,47.03,46.11,0.47K,2.00%
04/25/18,46.11,46.65,46.67,46.11,0.43K,-3.92%
04/24/18,47.99,47.99,47.99,47.99,5.08K,4.10%
04/23/18,46.1,46.1,46.1,46.1,0.10K,-2.64%
04/20/18,47.35,47.35,47.35,47.35,0.10K,-1.33%
04/19/18,47.99,46.55,47.99,46.41,0.60K,2.54%
04/17/18,46.8,46.8,46.8,46.8,0.23K,-1.31%
04/16/18,47.42,47.41,47.45,47.04,0.50K,2.44%
04/13/18,46.29,46.16,46.91,46.16,1.08K,-1.49%
04/09/18,46.99,45.77,47.63,45.77,0.81K,2.15%
04/06/18,46,47.28,47.28,46,0.51K,-2.71%
04/05/18,47.28,47.35,47.48,46.69,1.72K,-0.04%
04/04/18,47.3,46.66,47.32,46.33,1.10K,1.83%
04/03/18,46.45,46.25,46.61,45.73,1.89K,1.49%
04/02/18,45.77,46.43,46.43,45.77,1.20K,-2.64%
03/29/18,47.01,45.74,47.01,45.74,0.35K,1.08%
03/27/18,46.51,47.9,47.9,46.51,1.27K,-1.98%
03/26/18,47.45,46.86,47.99,45.87,0.60K,2.35%
03/23/18,46.36,46.36,46.36,46.36,0.19K,-0.09%
03/22/18,46.4,45,46.4,44.98,0.67K,1.71%
03/19/18,45.62,45.62,45.62,44.43,0.46K,-3.51%
03/15/18,47.28,46.65,47.28,46.65,0.31K,1.83%
03/14/18,46.43,46.5,47.25,46.43,2.33K,-1.13%
03/13/18,46.96,46.3,47.14,46.3,0.81K,4.66%
03/08/18,44.87,44.99,45.79,44.87,1.40K,-3.71%
03/07/18,46.6,45.51,46.97,45.33,0.76K,2.37%
03/06/18,45.52,45.62,45.98,45.03,1.40K,-0.46%
02/27/18,45.73,48,48,45.73,0.36K,-4.21%
02/26/18,47.74,46.87,48,46.87,1.98K,1.25%
02/22/18,47.15,47.15,47.15,47.15,0.19K,2.12%
02/21/18,46.17,46.17,46.17,46.17,0.19K,3.50%
02/20/18,44.61,45.86,45.86,44.61,0.40K,-4.02%
02/16/18,46.48,47.85,47.85,46.48,0.31K,-1.80%
02/14/18,47.33,44.98,47.35,44.92,3.26K,0.00%
02/13/18,47.33,45.44,47.33,45.44,4.23K,0.02%
02/12/18,47.32,46.09,47.32,45.07,1.94K,4.11%
02/09/18,45.45,45.66,45.66,43.4,3.11K,-0.46%
02/08/18,45.66,45.95,45.95,45.66,0.60K,3.70%
02/07/18,44.03,45.74,49.12,44.03,18.69K,-0.52%
02/06/18,44.26,44.26,44.26,44.26,0.27K,-5.79%
02/05/18,46.98,46.98,46.98,46.98,0.10K,3.37%
02/02/18,45.45,45.45,45.45,45.45,0.22K,1.68%
01/31/18,44.7,44.78,44.78,44.7,0.46K,-0.38%
01/30/18,44.87,44.87,44.87,44.87,0.44K,1.38%
01/25/18,44.26,44.26,44.26,44.26,0.31K,-3.45%
01/24/18,45.84,45.84,45.84,45.84,0.16K,-0.11%
01/23/18,45.89,45.99,45.99,44.6,1.13K,1.55%
01/16/18,45.19,44.5,45.19,44.35,1.20K,0.85%
01/12/18,44.81,44.39,44.81,44.25,1.22K,0.45%
01/11/18,44.61,44.42,44.61,44.42,0.37K,1.27%
01/10/18,44.05,43.95,44.05,43.9,0.76K,0.80%
01/09/18,43.7,43.87,43.87,42.98,1.21K,1.60%
12/27/17,43.01,43,43.01,43,0.80K,2.87%
12/22/17,41.81,41.81,41.81,41.81,0.10K,-2.11%
12/21/17,42.71,42.71,42.71,42.71,0.13K,-0.26%
12/19/17,42.82,42.79,42.82,42.79,0.27K,-0.42%
12/18/17,43,43.09,43.18,43,1.96K,-0.19%
12/12/17,43.08,42.89,43.08,42.89,0.90K,0.42%
12/11/17,42.9,42.83,42.9,42.83,0.65K,-0.92%
12/07/17,43.3,43.04,43.3,43.04,0.52K,0.93%
12/06/17,42.9,42.9,42.9,42.9,0.30K,0.35%
12/05/17,42.75,42.75,42.75,42.75,2.57K,-0.16%
12/01/17,42.82,42.82,42.82,42.82,0.21K,-0.97%
11/28/17,43.24,43.45,43.77,43.24,0.95K,2.34%
11/27/17,42.25,41.85,42.25,41.85,0.48K,-1.12%
11/21/17,42.73,42.32,42.73,42.32,0.60K,0.94%
11/20/17,42.33,42.33,42.33,42.33,0.38K,-0.63%
11/16/17,42.6,43.98,43.98,42.6,0.42K,-0.88%
11/13/17,42.98,42.98,42.98,42.98,0.14K,1.66%
11/09/17,42.28,41.32,42.28,41.32,0.45K,-2.51%
11/06/17,43.37,42.13,43.37,42.13,0.37K,0.46%
11/01/17,43.17,45.42,45.42,42.36,0.93K,-0.30%
10/31/17,43.3,42.71,45,41.64,2.35K,-0.16%
10/30/17,43.37,42.6,43.95,41.32,0.73K,-0.18%
10/18/17,43.45,43.48,43.7,43.45,4.87K,1.31%
10/16/17,42.89,43.44,43.44,42.39,0.45K,2.93%
10/13/17,41.67,42.88,42.88,41.67,0.30K,1.07%
10/11/17,41.23,42.52,42.52,41.11,0.48K,-4.27%
10/10/17,43.07,43.07,43.07,43.07,0.13K,1.20%
10/09/17,42.56,42.56,42.56,42.56,0.20K,-0.75%
10/04/17,42.88,42.75,42.88,42.75,0.21K,-0.28%
09/27/17,43,42.77,43.02,42.77,0.42K,-0.46%
09/26/17,43.2,43.5,43.5,43.2,0.80K,-0.12%
09/22/17,43.25,43.25,43.25,43.25,0.32K,-3.50%
09/20/17,44.82,44.82,44.82,44.82,0.27K,-1.10%
09/19/17,45.32,43.56,45.32,43.12,1.83K,2.53%
09/15/17,44.2,44.1,44.2,44.1,0.38K,-1.82%
09/14/17,45.02,44.79,45.02,44.79,0.78K,3.19%
09/13/17,43.63,43.96,43.96,43.63,1.75K,-0.16%
09/12/17,43.7,44.05,44.05,43.67,2.83K,-0.68%
09/11/17,44,44.01,44.03,44,0.90K,0.16%
09/08/17,43.93,45.51,45.51,43.82,3.25K,0.07%
09/07/17,43.9,44.18,44.21,43.43,6.45K,1.62%
09/06/17,43.2,44.19,44.2,43.2,3.77K,0.02%
09/05/17,43.19,43.5,46.9,43,1.16K,-0.71%
09/01/17,43.5,43.25,43.5,43.25,0.53K,0.35%
08/31/17,43.35,43.3,43.35,43.1,1.10K,0.00%
08/30/17,43.35,43.31,43.35,43.31,0.30K,0.12%
08/29/17,43.3,43.2,43.4,43.2,2.60K,0.39%
08/28/17,43.13,43.25,43.34,43.05,6.20K,0.30%
08/25/17,43,42.78,43.45,42.7,3.92K,0.94%
08/22/17,42.6,42.79,42.79,42.6,0.73K,-1.07%
08/21/17,43.06,42.9,44.18,42.85,3.00K,1.10%
08/17/17,42.59,42.25,42.7,40.13,6.04K,0.09%
08/15/17,42.55,42.1,42.55,42.1,1.01K,1.07%
08/14/17,42.1,41.9,42.58,41.2,0.91K,-0.94%
08/11/17,42.5,42.7,42.7,42.5,2.72K,0.47%
08/10/17,42.3,42.1,42.3,42.09,2.40K,0.12%
08/09/17,42.25,42.25,42.25,42.25,1.00K,0.12%
08/08/17,42.2,42.7,43.3,42.2,2.80K,-0.26%
08/07/17,42.31,42.6,42.63,42.31,1.43K,-0.91%
08/04/17,42.7,43,43,42.7,1.00K,1.28%
08/03/17,42.16,43.43,43.43,41.94,3.60K,0.02%
08/02/17,42.15,42.45,42.56,42.06,2.60K,0.12%
08/01/17,42.1,42.1,42.1,42.1,1.72K,-0.05%
07/31/17,42.12,42.5,42.51,42.12,1.45K,-0.75%
07/28/17,42.44,43.43,43.43,41.94,2.65K,0.78%
07/27/17,42.11,42.2,42.85,42.11,1.78K,-0.21%
07/26/17,42.2,42.26,42.26,42.2,0.31K,-0.24%
07/25/17,42.3,41.84,42.3,41.53,2.50K,0.64%
07/24/17,42.03,42,42.07,41.97,1.31K,-0.14%
07/21/17,42.09,42.09,42.09,42.09,0.20K,-0.94%
07/20/17,42.49,42.46,42.49,42.46,0.50K,0.00%
07/19/17,42.49,42.2,42.49,42.2,0.93K,-0.26%
07/18/17,42.6,42.7,42.86,42.55,1.20K,1.36%
07/13/17,42.03,41.57,42.03,41.57,0.72K,1.23%
07/12/17,41.52,41.86,41.86,41.52,1.15K,-0.74%
07/11/17,41.83,41.83,41.83,41.83,0.22K,-1.72%
07/10/17,42.56,42.56,42.56,42.56,0.50K,0.95%
07/06/17,42.16,41.74,42.16,41.29,0.73K,1.01%
06/28/17,41.74,41.5,42.22,41.5,9.44K,2.50%
06/27/17,40.72,41.54,41.54,38.95,3.17K,-2.04%
06/26/17,41.57,41.57,41.57,41.57,0.17K,0.29%
06/23/17,41.45,41.45,41.45,41.45,0.12K,0.02%
06/22/17,41.44,41.43,41.44,41.43,0.56K,-0.62%
06/21/17,41.7,41.3,41.7,41.3,1.14K,0.87%
06/20/17,41.34,41.34,41.34,41.34,0.20K,-0.70%
06/19/17,41.63,41.49,41.63,41.49,0.77K,-0.29%
06/14/17,41.75,41.75,41.75,41.75,0.60K,0.24%
06/12/17,41.65,41.59,41.65,41.59,0.20K,0.22%
06/09/17,41.56,41.56,41.56,41.56,0.62K,-0.43%
06/08/17,41.74,41.74,41.74,41.74,0.10K,0.34%
06/07/17,41.6,41.59,41.6,41.59,0.70K,0.31%
06/05/17,41.47,41.47,41.47,41.47,0.43K,0.29%
05/26/17,41.35,41.2,41.35,41.2,1.32K,1.03%
05/23/17,40.93,40.93,40.93,40.93,0.11K,-2.08%
05/22/17,41.8,41.8,41.8,41.8,0.10K,1.58%
05/19/17,41.15,41.18,41.18,41.13,1.10K,0.98%
05/18/17,40.75,40.24,40.8,40,2.90K,-0.34%
05/16/17,40.89,40.89,40.89,40.89,0.35K,0.57%
05/15/17,40.66,40.9,41.15,40.66,6.88K,-0.83%
05/11/17,41,40.99,41,40.99,0.31K,-0.22%
05/09/17,41.09,40.68,41.09,40.68,0.20K,0.27%
05/08/17,40.98,41.05,41.08,40.91,2.70K,-0.07%
05/05/17,41.01,41.12,41.2,40.99,2.45K,-0.29%
05/04/17,41.13,41.1,41.18,41.1,3.20K,-0.17%
05/03/17,41.2,41.2,41.25,41.08,4.60K,0.76%
05/01/17,40.89,40.99,41,40.74,2.08K,0.37%
04/28/17,40.74,40.74,40.74,40.74,0.18K,-1.21%
04/27/17,41.24,41.02,41.25,41.02,3.01K,-0.48%
04/26/17,41.44,41.44,41.44,41.44,0.10K,0.48%
04/25/17,41.24,41.5,41.5,41.19,5.60K,-0.39%
04/24/17,41.4,41.8,41.8,38.72,0.95K,-1.76%
04/21/17,42.14,42.14,42.14,42.14,0.41K,1.96%
04/19/17,41.33,40.99,41.43,40.99,16.26K,1.10%
04/18/17,40.88,40.99,41.09,40.88,1.77K,-0.85%
04/17/17,41.23,40.96,41.32,40.96,11.60K,0.51%
04/13/17,41.02,40.65,41.09,40.65,7.35K,0.44%
04/12/17,40.84,40.82,40.94,40.82,14.58K,-0.10%
04/11/17,40.88,40.83,40.95,40.83,4.00K,0.15%
04/10/17,40.82,40.61,41.5,40.57,30.82K,-0.61%
04/05/17,41.07,40.63,41.07,40.63,0.90K,0.56%
04/03/17,40.84,40.99,41.03,40.81,3.65K,-0.20%
03/31/17,40.92,40.8,40.94,40.8,4.43K,0.29%
03/30/17,40.8,40.84,40.84,40.8,1.60K,-0.10%
03/29/17,40.84,40.93,40.93,40.84,3.29K,-0.10%
03/28/17,40.88,40,41.15,39.16,23.04K,-0.05%
03/27/17,40.9,40.58,40.92,40.58,1.46K,-0.15%
03/24/17,40.96,40.86,40.96,40.86,1.88K,0.81%
03/23/17,40.63,40.85,40.98,40.63,3.46K,-0.44%
03/22/17,40.81,40.67,41.03,40.67,5.67K,0.27%
03/21/17,40.7,40.8,41.01,40.68,3.85K,-0.02%
03/20/17,40.71,40.71,40.71,40.71,0.24K,-0.59%
03/17/17,40.95,40.89,40.95,40.89,1.10K,-0.05%
03/16/17,40.97,40.84,41.11,40.84,1.75K,-0.07%
03/15/17,41,40.67,41.08,40.67,7.00K,0.81%
03/14/17,40.67,40.5,40.71,40.5,4.10K,-0.10%
03/13/17,40.71,40.58,41.07,40.45,13.21K,0.10%
03/10/17,40.67,40.6,41,39.96,19.31K,1.30%
03/09/17,40.15,40.25,40.8,40.06,3.40K,-1.11%
03/08/17,40.6,40.6,40.71,40.44,2.60K,-0.34%
03/07/17,40.74,40.42,41.41,40.4,22.47K,0.30%
03/03/17,40.62,40.62,40.62,40.62,0.11K,-0.02%
03/02/17,40.63,40.51,40.63,40.51,0.50K,0.42%
02/22/17,40.46,41.19,41.19,40.46,1.75K,-2.51%
02/16/17,41.5,40.48,41.5,40.48,0.30K,2.12%
02/14/17,40.64,40.37,40.64,40.37,0.54K,0.00%
02/09/17,40.64,40.65,40.65,40.64,0.37K,1.68%
02/08/17,39.97,39.91,40.46,39.88,2.83K,-0.52%
02/07/17,40.18,40.18,40.18,40.18,1.25K,-0.20%
02/06/17,40.26,40.28,40.3,40.26,1.01K,-0.64%
02/03/17,40.52,40.52,40.52,40.52,1.11K,0.00%
01/31/17,40.52,40.25,40.52,40.21,2.10K,0.05%
01/30/17,40.5,40.34,40.5,40.34,0.70K,0.10%
01/27/17,40.46,40.3,40.46,40.25,2.07K,-0.34%
01/26/17,40.6,40.21,40.6,40.21,0.25K,0.74%
01/23/17,40.3,40.3,40.3,40.3,0.11K,0.35%
01/20/17,40.16,40.16,40.16,40.16,0.20K,0.07%
01/19/17,40.13,40.13,40.13,40.13,0.10K,-0.55%
01/18/17,40.35,40.35,40.35,40.12,0.32K,0.30%
01/17/17,40.23,40.23,40.23,40.23,0.22K,0.02%
01/12/17,40.22,40.04,40.25,40.02,1.28K,0.55%
01/10/17,40,39.93,40.14,39.93,0.62K,-0.17%
01/09/17,40.07,40.07,40.07,40.07,0.18K,3.51%
01/06/17,38.71,38.71,38.71,38.71,0.10K,-2.91%
01/04/17,39.87,39.85,39.87,39.83,2.46K,2.23%
01/03/17,39,38.71,39,38.71,1.52K,-0.13%
12/30/16,39.05,38.6,39.05,38.6,1.20K,-0.59%
12/29/16,39.28,38.5,39.38,38.5,1.15K,1.74%
12/28/16,38.61,38.36,39.3,38.36,2.43K,-1.00%
12/27/16,39,38.33,39.23,38.05,1.83K,-2.48%
12/20/16,39.99,39.59,39.99,39.59,0.40K,0.91%
12/16/16,39.63,39.63,39.63,39.63,0.25K,0.94%
12/15/16,39.26,39.26,39.26,39.26,0.16K,-3.85%
12/13/16,40.83,39.82,40.83,39.82,0.79K,2.87%
12/09/16,39.69,39.8,39.8,39.69,0.27K,-0.78%
12/08/16,40,39.91,40,39.91,0.21K,-0.27%
12/07/16,40.11,40.11,40.11,40.11,0.26K,0.12%
12/06/16,40.06,40,40.06,40,0.63K,-1.77%
12/05/16,40.78,40.79,40.9,40.57,4.58K,3.14%
12/02/16,39.54,39.59,39.59,39.54,0.31K,-2.61%
12/01/16,40.6,40.6,40.6,40.6,0.30K,-0.12%
11/30/16,40.65,41.19,41.19,40.65,1.23K,0.32%
11/25/16,40.52,40.52,40.52,40.52,0.30K,-0.10%
11/17/16,40.56,40.52,40.56,40.52,0.40K,0.10%
11/16/16,40.52,40.52,40.52,40.52,0.10K,0.00%
11/15/16,40.52,40.52,40.52,40.52,0.14K,0.00%
11/14/16,40.52,40.52,40.52,40.52,0.51K,-0.07%
11/08/16,40.55,40.55,40.55,40.55,0.10K,0.02%
11/07/16,40.54,40.54,40.54,40.54,0.20K,-1.19%
11/02/16,41.03,40.66,41.03,40.66,0.20K,-0.07%
10/31/16,41.06,40.55,41.06,40.54,0.73K,1.18%
10/28/16,40.58,40.58,40.58,40.58,0.10K,-0.12%
10/26/16,40.63,40.63,40.63,40.63,0.16K,0.47%
10/25/16,40.44,40.44,40.44,40.44,0.20K,-0.12%
10/24/16,40.49,40.49,40.49,40.49,0.13K,-0.76%
10/19/16,40.8,40.8,40.8,40.8,0.11K,0.02%
10/18/16,40.79,40.62,40.79,40.62,0.50K,0.37%
10/14/16,40.64,40.64,40.64,40.64,0.10K,-0.34%
10/13/16,40.78,40.78,40.78,40.78,0.13K,-0.54%
10/12/16,41,41,41,41,2.00K,-0.19%
10/10/16,41.08,41.09,41.09,41.08,0.50K,-0.15%
10/05/16,41.14,40.85,41.14,40.85,0.42K,-1.93%
10/03/16,41.95,41.91,41.95,41.91,0.33K,1.16%
09/30/16,41.47,41.2,41.5,41.16,3.59K,0.75%
09/29/16,41.16,40.91,41.16,40.91,0.83K,0.59%
09/27/16,40.92,40.92,41.15,40.92,1.20K,-0.80%
09/22/16,41.25,41.25,41.25,41.25,0.25K,0.00%
09/19/16,41.25,41.05,41.25,41.05,0.20K,-0.27%
09/15/16,41.36,41.1,41.36,41.1,0.21K,0.15%
09/09/16,41.3,41.3,41.3,41.3,0.30K,0.39%
09/08/16,41.14,41.14,41.14,41.14,0.10K,-0.46%
09/06/16,41.33,40.58,41.33,40.58,1.11K,-0.17%
08/31/16,41.4,41.45,41.45,41.4,0.24K,0.12%
08/30/16,41.35,41.22,41.36,40.99,4.19K,0.15%
08/29/16,41.29,41.29,41.29,41.29,0.36K,0.58%
08/26/16,41.05,41.05,41.29,41.05,2.40K,-1.06%
08/24/16,41.49,41.4,41.55,41.4,0.70K,-0.38%
08/23/16,41.65,41.69,41.76,41.65,0.93K,0.17%
08/22/16,41.58,41.85,41.85,41.5,2.20K,-0.38%
08/19/16,41.74,41.8,41.83,41.62,1.98K,1.19%
08/18/16,41.25,41.25,41.25,41.25,0.12K,-0.36%
08/17/16,41.4,41.4,41.4,41.4,0.10K,-0.53%
08/16/16,41.62,41.31,42.42,41.31,2.65K,0.29%
08/15/16,41.5,41.33,41.66,41.33,0.62K,-0.19%
08/11/16,41.58,41.35,41.58,41.35,0.44K,0.07%
08/10/16,41.55,41.56,42.5,41.55,9.07K,0.31%
08/05/16,41.42,41.42,41.42,41.42,0.31K,-2.01%
08/03/16,42.27,41.81,42.27,41.81,1.23K,1.49%
08/02/16,41.65,41.65,41.65,41.65,0.20K,-0.17%
07/29/16,41.72,41.7,41.72,41.7,0.32K,0.10%
07/28/16,41.68,41.3,41.7,41.3,2.05K,0.65%
07/26/16,41.41,41.4,41.41,41.4,0.40K,-0.70%
07/25/16,41.7,41.38,41.7,41.38,1.56K,0.48%
07/22/16,41.5,41.41,41.5,41.41,0.46K,-0.02%
07/20/16,41.51,41.53,41.54,41.51,1.28K,0.27%
07/19/16,41.4,41.5,41.5,41.22,0.91K,0.46%
07/18/16,41.21,41.21,41.21,41.21,0.46K,-0.10%
07/15/16,41.25,40.41,41.64,40.41,1.55K,0.02%
07/14/16,41.24,41.27,41.32,41.24,1.57K,-0.39%
07/13/16,41.4,41.25,41.4,41.25,0.37K,-0.38%
07/12/16,41.56,41.56,41.56,41.56,0.10K,0.36%
07/11/16,41.41,41.53,41.55,41.39,1.27K,-0.50%
07/08/16,41.62,41.61,41.62,41.61,0.30K,0.68%
07/05/16,41.34,41.39,41.39,41.34,0.72K,-1.45%
07/01/16,41.95,41.67,41.95,41.67,1.53K,0.24%
06/30/16,41.85,42.17,42.17,41.84,0.50K,-0.36%
06/29/16,42,41.92,42,41.92,0.61K,-0.45%
06/28/16,42.19,41.75,42.2,41.45,1.33K,5.69%
06/27/16,39.92,39.92,39.92,39.92,0.30K,-4.38%
06/24/16,41.75,41.74,41.75,41.74,0.66K,-0.38%
06/23/16,41.91,41.85,41.93,41.81,2.19K,-1.39%
06/22/16,42.5,41.67,42.5,41.67,0.99K,2.93%
06/21/16,41.29,41.29,41.29,41.29,0.20K,-1.13%
06/20/16,41.76,41.75,41.8,40.59,2.73K,-0.26%
06/17/16,41.87,41.6,41.87,41.6,1.20K,-1.46%
06/14/16,42.49,41.9,42.68,41.85,2.55K,1.80%
06/13/16,41.74,41.4,41.92,41.4,3.30K,-0.45%
06/09/16,41.93,41.73,41.93,41.73,4.84K,0.00%
06/08/16,41.93,41.8,41.95,41.8,7.23K,0.36%
06/07/16,41.78,41.89,42,41.3,5.64K,-0.12%
06/06/16,41.83,41.35,41.9,41.01,2.00K,1.14%
06/03/16,41.36,41.73,41.73,41.36,0.37K,-0.82%
06/02/16,41.7,41.7,41.7,41.7,0.30K,1.68%
06/01/16,41.01,41.1,41.15,41.01,5.00K,-1.23%
05/26/16,41.52,41.86,41.86,41.52,0.30K,0.63%
05/24/16,41.26,41.82,41.82,41.04,0.65K,-3.26%
05/19/16,42.65,42.65,42.65,42.65,0.48K,-0.12%
05/17/16,42.7,42.7,42.7,42.7,0.85K,3.19%
05/16/16,41.38,41.38,41.38,41.38,0.20K,-1.94%
05/13/16,42.2,42.3,42.3,42.2,1.26K,0.00%
05/12/16,42.2,42.38,42.38,42.2,2.41K,0.12%
05/11/16,42.15,42.15,42.15,41.89,1.12K,-1.29%
05/10/16,42.7,42.68,42.7,41.32,1.81K,0.83%
05/09/16,42.35,42.44,42.44,42.35,1.60K,-0.35%
05/06/16,42.5,42.35,42.9,42.15,1.90K,-0.93%
05/05/16,42.9,42.93,42.93,42.11,0.71K,0.12%
05/04/16,42.85,42.23,42.85,42.23,1.20K,1.16%
05/03/16,42.36,42.28,42.4,42.28,2.00K,-0.09%
05/02/16,42.4,42.17,42.45,42.17,1.06K,0.95%
04/29/16,42,42.14,42.7,41.9,2.34K,-0.50%
04/28/16,42.21,42.92,42.92,41.8,5.00K,-1.84%
04/27/16,43,42.1,43,42.1,2.74K,3.59%
04/26/16,41.51,42.44,42.44,41.51,0.62K,-2.17%
04/25/16,42.43,42.42,42.43,42.3,0.54K,0.31%
04/22/16,42.3,42.12,42.55,42.12,3.53K,0.02%
04/21/16,42.29,42.25,42.3,42.25,0.30K,0.91%
04/20/16,41.91,42.35,42.44,41.85,6.70K,-1.25%
04/19/16,42.44,42.3,42.44,42.3,2.99K,0.24%
04/18/16,42.34,42.44,42.44,41.77,4.04K,0.09%
04/15/16,42.3,42.37,42.5,42.2,0.51K,-0.45%
04/13/16,42.49,42.27,42.49,42.27,0.23K,-0.26%
04/12/16,42.6,42.5,42.6,42.5,1.39K,0.40%
04/11/16,42.43,42.15,42.6,42.15,2.72K,1.00%
04/08/16,42.01,42.59,42.59,42.01,1.05K,-0.69%
04/07/16,42.3,42.2,42.59,42.2,3.78K,-0.47%
04/06/16,42.5,42.2,42.55,42.2,5.05K,0.24%
04/05/16,42.4,42.6,42.6,42.14,4.84K,0.02%
04/04/16,42.39,42.56,42.56,42.39,1.26K,0.19%
04/01/16,42.31,42.36,42.47,42.27,2.48K,0.02%
03/31/16,42.3,42.3,42.3,42.3,0.10K,1.05%
03/30/16,41.86,41.78,41.86,41.78,2.28K,0.38%
03/28/16,41.7,41.52,41.7,41.52,0.21K,-0.71%
03/24/16,42,42,42,42,0.29K,0.00%
03/23/16,42,42,42.49,42,12.61K,-0.90%
03/22/16,42.38,42.1,42.41,41.99,5.44K,0.33%
03/21/16,42.24,42.06,42.25,41.9,3.17K,-0.31%
03/18/16,42.37,42.4,42.4,41.9,2.12K,0.55%
03/17/16,42.14,42,42.14,42,0.82K,0.21%
03/16/16,42.05,42.6,42.6,41.95,1.20K,1.82%
03/15/16,41.3,41.25,41.3,41.25,0.50K,-3.05%
03/14/16,42.6,42.6,42.6,42.6,0.75K,0.21%
03/09/16,42.51,41.86,42.51,41.86,1.03K,1.46%
03/08/16,41.9,41.86,41.98,41.86,1.76K,0.12%
03/07/16,41.85,41.9,42.01,41.28,2.56K,-0.21%
03/04/16,41.94,41.76,42.05,41.19,7.04K,1.99%
03/03/16,41.12,41.95,42.06,41.12,9.16K,-1.44%
03/02/16,41.72,41.5,41.8,40.86,6.84K,0.00%
03/01/16,41.72,41.61,41.72,41.27,2.42K,0.60%
02/29/16,41.47,41.49,41.49,41.37,0.66K,0.17%
02/26/16,41.4,41.25,41.4,41.25,0.43K,-0.74%
02/25/16,41.71,41.55,41.71,41.53,2.08K,0.51%
02/24/16,41.5,41.6,41.6,41.5,0.22K,-0.24%
02/23/16,41.6,41.17,41.6,41.17,0.42K,0.10%
02/22/16,41.56,41.26,41.56,41.26,0.40K,0.80%
02/19/16,41.23,41.23,41.23,41.23,0.10K,-2.51%
02/17/16,42.29,42.07,42.34,41.22,3.41K,1.66%
02/16/16,41.6,41.28,41.7,41.28,1.42K,1.04%
02/12/16,41.17,41.5,41.55,41.17,0.70K,-0.19%
02/11/16,41.25,41.51,41.59,41.16,3.14K,0.24%
02/10/16,41.15,41.12,41.55,41.1,4.68K,-0.29%
02/09/16,41.27,41.55,41.55,41.27,2.48K,-1.88%
02/08/16,42.06,41.05,42.06,41.05,1.95K,1.86%
02/05/16,41.29,41.5,41.5,40.97,5.21K,1.05%
02/04/16,40.86,40.84,42.19,40.84,2.34K,0.44%
02/03/16,40.68,40.84,41.2,40.54,1.88K,-1.17%
02/02/16,41.16,40.53,41.16,40.53,1.35K,1.11%
02/01/16,40.71,41,41.11,40.71,1.92K,-0.80%
01/29/16,41.04,41.02,41.04,41.02,0.50K,-0.46%
01/28/16,41.23,40.93,41.23,40.79,2.61K,1.05%
01/27/16,40.8,40.91,41.2,40.77,8.14K,0.74%
01/26/16,40.5,40.41,40.5,40.41,1.17K,0.22%
01/25/16,40.41,40.26,40.41,40.26,0.26K,0.67%
01/22/16,40.14,40.95,40.95,40.14,3.84K,0.07%
01/21/16,40.11,40.71,40.71,40.11,1.75K,-1.50%
01/20/16,40.72,40.6,40.85,40.05,1.73K,-0.05%
01/19/16,40.74,39.92,40.88,39.92,7.14K,0.52%
01/15/16,40.53,40.48,40.75,40.46,2.62K,-0.81%
01/14/16,40.86,40.55,40.9,39.89,4.20K,0.39%
01/13/16,40.7,40.7,41.15,40.63,1.03K,1.45%
01/12/16,40.12,40.17,40.62,40.12,0.75K,-1.55%
01/11/16,40.75,40.63,41.69,40.02,4.51K,2.08%
01/08/16,39.92,39.91,40.26,39.91,1.03K,-1.02%
01/07/16,40.33,40.32,40.33,39.97,1.57K,0.25%
01/06/16,40.23,40.23,40.23,40.23,0.60K,-2.26%
01/05/16,41.16,40.8,41.25,40.38,12.40K,2.24%
01/04/16,40.26,40.09,41.18,39.89,2.77K,-2.33%
12/31/15,41.22,41.15,41.29,41,0.80K,-0.07%
12/30/15,41.25,40.83,41.25,40.83,0.61K,0.46%
12/29/15,41.06,40.65,41.15,40.65,3.61K,0.76%
12/28/15,40.75,40.9,41.05,40.59,4.28K,-0.56%
12/24/15,40.98,40.98,40.98,40.98,0.61K,-1.01%
12/23/15,41.4,40.57,41.4,40.57,0.65K,0.49%
12/21/15,41.2,40.98,41.2,40.97,1.77K,0.24%
12/18/15,41.1,41.1,41.1,41.05,3.49K,0.24%
12/17/15,41,41.31,41.4,40.87,1.45K,-0.87%
12/15/15,41.36,41.34,41.36,41.34,0.33K,0.00%
12/14/15,41.36,41.43,41.43,41.36,0.90K,-0.39%
12/11/15,41.52,41.39,41.52,41.39,1.18K,-1.14%
12/09/15,42,42,42,42,0.20K,0.00%
12/08/15,42,41.99,42,41.58,1.39K,0.31%
12/07/15,41.87,41.7,41.87,41.7,0.49K,-1.51%
12/04/15,42.51,42.51,42.51,42.51,0.43K,1.67%
12/03/15,41.81,41.81,41.81,41.81,0.19K,0.07%
11/30/15,41.78,42.05,42.05,41.78,1.31K,-0.59%
11/27/15,42.03,42.03,42.03,42.03,0.13K,-0.05%
11/25/15,42.05,41.62,42.05,41.62,0.66K,1.55%
11/24/15,41.41,41.41,41.41,41.41,0.10K,-0.62%
11/23/15,41.67,41.66,41.78,41.66,0.70K,-0.67%
11/20/15,41.95,41.95,41.95,41.95,0.10K,0.07%
11/19/15,41.92,41.75,41.92,41.75,1.50K,-0.73%
11/18/15,42.23,41.46,42.23,41.46,0.71K,1.30%
11/17/15,41.69,41.69,42.66,41.69,0.99K,0.60%
11/13/15,41.44,41.44,41.44,41.44,1.10K,-1.61%
11/12/15,42.12,41.93,42.12,41.93,0.20K,1.76%
11/10/15,41.39,42.75,42.75,41.39,1.27K,-3.00%
11/09/15,42.67,41.91,42.69,41.91,3.40K,2.87%
11/06/15,41.48,41.48,41.48,41.48,0.10K,-1.50%
11/04/15,42.11,42.11,42.11,42.11,0.54K,-0.14%
11/03/15,42.17,42.09,42.25,42.09,0.53K,0.19%
11/02/15,42.09,42.74,42.74,42.09,0.59K,0.86%
10/29/15,41.73,41.73,41.73,41.73,0.52K,-1.00%
10/28/15,42.15,42.03,42.15,42.03,0.22K,0.21%
10/27/15,42.06,42.05,42.06,42.05,0.46K,0.10%
10/23/15,42.02,41.88,42.02,41.87,0.79K,-0.19%
10/21/15,42.1,42.1,42.1,42.1,0.11K,-0.80%
10/20/15,42.44,42.44,42.44,42.44,2.29K,0.31%
10/19/15,42.31,42.49,42.49,42.31,0.58K,0.28%
10/15/15,42.19,42.03,42.19,42.01,2.66K,-0.05%
10/14/15,42.21,42.15,42.81,42,1.01K,0.38%
10/13/15,42.05,42.05,42.05,42.05,0.53K,-0.36%
10/12/15,42.2,42.5,42.5,42,2.35K,-0.71%
10/09/15,42.5,41.98,42.5,41.98,0.41K,0.00%
10/08/15,42.5,42,42.5,41.9,0.80K,0.00%
10/07/15,42.5,42.5,42.5,42.5,0.73K,1.67%
10/06/15,41.8,41.4,41.8,41.4,0.65K,-0.38%
